[debug] [2025-09-14T20:48:14.168Z] ----------------------------------------------------------------------
[debug] [2025-09-14T20:48:14.170Z] Command:       C:\Program Files\nodejs\node.exe C:\Users\conta\AppData\Roaming\npm\node_modules\firebase-tools\lib\bin\firebase.js deploy --only functions --project proofbox-5f16e
[debug] [2025-09-14T20:48:14.171Z] CLI Version:   14.12.0
[debug] [2025-09-14T20:48:14.171Z] Platform:      win32
[debug] [2025-09-14T20:48:14.171Z] Node Version:  v22.15.0
[debug] [2025-09-14T20:48:14.171Z] Time:          Sun Sep 14 2025 22:48:14 GMT+0200 (heure d’été d’Europe centrale)
[debug] [2025-09-14T20:48:14.171Z] ----------------------------------------------------------------------
[debug] 
[debug] [2025-09-14T20:48:14.324Z] > command requires scopes: ["email","openid","https://www.googleapis.com/auth/cloudplatformprojects.readonly","https://www.googleapis.com/auth/firebase","https://www.googleapis.com/auth/cloud-platform"]
[debug] [2025-09-14T20:48:14.325Z] > authorizing via signed-in user (contact@javachrist.fr)
[debug] [2025-09-14T20:48:14.325Z] [iam] checking project proofbox-5f16e for permissions ["cloudfunctions.functions.create","cloudfunctions.functions.delete","cloudfunctions.functions.get","cloudfunctions.functions.list","cloudfunctions.functions.update","cloudfunctions.operations.get","firebase.projects.get"]
[debug] [2025-09-14T20:48:14.326Z] Checked if tokens are valid: true, expires at: 1757884848675
[debug] [2025-09-14T20:48:14.326Z] Checked if tokens are valid: true, expires at: 1757884848675
[debug] [2025-09-14T20:48:14.327Z] >>> [apiv2][query] POST https://cloudresourcemanager.googleapis.com/v1/projects/proofbox-5f16e:testIamPermissions [none]
[debug] [2025-09-14T20:48:14.327Z] >>> [apiv2][(partial)header] POST https://cloudresourcemanager.googleapis.com/v1/projects/proofbox-5f16e:testIamPermissions x-goog-quota-user=projects/proofbox-5f16e
[debug] [2025-09-14T20:48:14.327Z] >>> [apiv2][body] POST https://cloudresourcemanager.googleapis.com/v1/projects/proofbox-5f16e:testIamPermissions {"permissions":["cloudfunctions.functions.create","cloudfunctions.functions.delete","cloudfunctions.functions.get","cloudfunctions.functions.list","cloudfunctions.functions.update","cloudfunctions.operations.get","firebase.projects.get"]}
[debug] [2025-09-14T20:48:15.011Z] <<< [apiv2][status] POST https://cloudresourcemanager.googleapis.com/v1/projects/proofbox-5f16e:testIamPermissions 200
[debug] [2025-09-14T20:48:15.011Z] <<< [apiv2][body] POST https://cloudresourcemanager.googleapis.com/v1/projects/proofbox-5f16e:testIamPermissions {"permissions":["cloudfunctions.functions.create","cloudfunctions.functions.delete","cloudfunctions.functions.get","cloudfunctions.functions.list","cloudfunctions.functions.update","cloudfunctions.operations.get","firebase.projects.get"]}
[debug] [2025-09-14T20:48:15.012Z] Checked if tokens are valid: true, expires at: 1757884848675
[debug] [2025-09-14T20:48:15.012Z] Checked if tokens are valid: true, expires at: 1757884848675
[debug] [2025-09-14T20:48:15.012Z] >>> [apiv2][query] POST https://iam.googleapis.com/v1/projects/proofbox-5f16e/serviceAccounts/proofbox-5f16e@appspot.gserviceaccount.com:testIamPermissions [none]
[debug] [2025-09-14T20:48:15.012Z] >>> [apiv2][body] POST https://iam.googleapis.com/v1/projects/proofbox-5f16e/serviceAccounts/proofbox-5f16e@appspot.gserviceaccount.com:testIamPermissions {"permissions":["iam.serviceAccounts.actAs"]}
[debug] [2025-09-14T20:48:15.647Z] <<< [apiv2][status] POST https://iam.googleapis.com/v1/projects/proofbox-5f16e/serviceAccounts/proofbox-5f16e@appspot.gserviceaccount.com:testIamPermissions 200
[debug] [2025-09-14T20:48:15.647Z] <<< [apiv2][body] POST https://iam.googleapis.com/v1/projects/proofbox-5f16e/serviceAccounts/proofbox-5f16e@appspot.gserviceaccount.com:testIamPermissions {"permissions":["iam.serviceAccounts.actAs"]}
[info] 
[info] === Deploying to 'proofbox-5f16e'...
[info] 
[info] i  deploying functions 
[debug] [2025-09-14T20:48:15.650Z] Checked if tokens are valid: true, expires at: 1757884848675
[debug] [2025-09-14T20:48:15.651Z] Checked if tokens are valid: true, expires at: 1757884848675
[debug] [2025-09-14T20:48:15.651Z] >>> [apiv2][query] GET https://cloudresourcemanager.googleapis.com/v1/projects/proofbox-5f16e [none]
[debug] [2025-09-14T20:48:15.887Z] <<< [apiv2][status] GET https://cloudresourcemanager.googleapis.com/v1/projects/proofbox-5f16e 200
[debug] [2025-09-14T20:48:15.887Z] <<< [apiv2][body] GET https://cloudresourcemanager.googleapis.com/v1/projects/proofbox-5f16e {"projectNumber":"854756492452","projectId":"proofbox-5f16e","lifecycleState":"ACTIVE","name":"ProofBox","labels":{"firebase":"enabled","firebase-core":"disabled"},"createTime":"2025-08-15T02:20:12.357684Z","parent":{"type":"organization","id":"294271354232"}}
[info] i  functions: preparing codebase default for deployment 
[info] i  functions: ensuring required API cloudfunctions.googleapis.com is enabled... 
[info] i  functions: ensuring required API cloudbuild.googleapis.com is enabled... 
[info] i  artifactregistry: ensuring required API artifactregistry.googleapis.com is enabled... 
[debug] [2025-09-14T20:48:15.890Z] Checked if tokens are valid: true, expires at: 1757884848675
[debug] [2025-09-14T20:48:15.890Z] Checked if tokens are valid: true, expires at: 1757884848675
[debug] [2025-09-14T20:48:15.890Z] >>> [apiv2][query] GET https://firebase.googleapis.com/v1beta1/projects/proofbox-5f16e/adminSdkConfig [none]
[debug] [2025-09-14T20:48:16.348Z] <<< [apiv2][status] GET https://firebase.googleapis.com/v1beta1/projects/proofbox-5f16e/adminSdkConfig 200
[debug] [2025-09-14T20:48:16.348Z] <<< [apiv2][body] GET https://firebase.googleapis.com/v1beta1/projects/proofbox-5f16e/adminSdkConfig {"projectId":"proofbox-5f16e","storageBucket":"proofbox-5f16e.firebasestorage.app"}
[debug] [2025-09-14T20:48:16.349Z] Checked if tokens are valid: true, expires at: 1757884848675
[debug] [2025-09-14T20:48:16.349Z] Checked if tokens are valid: true, expires at: 1757884848675
[debug] [2025-09-14T20:48:16.349Z] >>> [apiv2][query] GET https://runtimeconfig.googleapis.com/v1beta1/projects/proofbox-5f16e/configs [none]
[debug] [2025-09-14T20:48:16.653Z] <<< [apiv2][status] GET https://runtimeconfig.googleapis.com/v1beta1/projects/proofbox-5f16e/configs 200
[debug] [2025-09-14T20:48:16.654Z] <<< [apiv2][body] GET https://runtimeconfig.googleapis.com/v1beta1/projects/proofbox-5f16e/configs {}
[debug] [2025-09-14T20:48:16.655Z] Validating nodejs source
[warn] !  functions: package.json indicates an outdated version of firebase-functions. Please upgrade using npm install --save firebase-functions@latest in your functions directory. 
[warn] !  functions: Please note that there will be breaking changes when you upgrade. 
[debug] [2025-09-14T20:48:17.957Z] > [functions] package.json contents: {
  "name": "proofbox-functions",
  "private": true,
  "engines": {
    "node": "20"
  },
  "type": "module",
  "main": "lib/index.js",
  "scripts": {
    "build": "tsc -p .",
    "deploy": "firebase deploy --only functions",
    "serve": "firebase emulators:start --only functions"
  },
  "dependencies": {
    "firebase-admin": "^12.5.0",
    "firebase-functions": "^5.1.0"
  },
  "devDependencies": {
    "typescript": "^5.5.4"
  }
}
[debug] [2025-09-14T20:48:17.957Z] Building nodejs source
[info] i  functions: Loading and analyzing source code for codebase default to determine what to deploy 
[debug] [2025-09-14T20:48:17.958Z] Could not find functions.yaml. Must use http discovery
[debug] [2025-09-14T20:48:17.965Z] Found firebase-functions binary at 'C:\Users\conta\Desktop\ProofBox\functions\node_modules\.bin\firebase-functions'
[info] Serving at port 8619

[debug] [2025-09-14T20:48:18.664Z] Got response from /__/functions.yaml {"endpoints":{"sendDueReminders":{"platform":"gcfv1","availableMemoryMb":null,"timeoutSeconds":null,"minInstances":null,"maxInstances":null,"ingressSettings":null,"serviceAccountEmail":null,"vpc":null,"region":["us-central1"],"scheduleTrigger":{"schedule":"every 1 minutes","retryConfig":{"retryCount":null,"maxDoublings":null,"maxRetryDuration":null,"maxBackoffDuration":null,"minBackoffDuration":null},"timeZone":"Europe/Paris"},"labels":{},"entryPoint":"sendDueReminders"}},"specVersion":"v1alpha1","requiredAPIs":[{"api":"cloudscheduler.googleapis.com","reason":"Needed for scheduled functions."}],"extensions":{}}
[info] i  extensions: ensuring required API firebaseextensions.googleapis.com is enabled... 
[debug] [2025-09-14T20:48:22.701Z] > command requires scopes: ["email","openid","https://www.googleapis.com/auth/cloudplatformprojects.readonly","https://www.googleapis.com/auth/firebase","https://www.googleapis.com/auth/cloud-platform"]
[debug] [2025-09-14T20:48:22.701Z] > authorizing via signed-in user (contact@javachrist.fr)
[debug] [2025-09-14T20:48:22.701Z] [iam] checking project proofbox-5f16e for permissions ["firebase.projects.get","firebaseextensions.instances.list"]
[debug] [2025-09-14T20:48:22.702Z] Checked if tokens are valid: true, expires at: 1757884848675
[debug] [2025-09-14T20:48:22.702Z] Checked if tokens are valid: true, expires at: 1757884848675
[debug] [2025-09-14T20:48:22.702Z] >>> [apiv2][query] POST https://cloudresourcemanager.googleapis.com/v1/projects/proofbox-5f16e:testIamPermissions [none]
[debug] [2025-09-14T20:48:22.702Z] >>> [apiv2][(partial)header] POST https://cloudresourcemanager.googleapis.com/v1/projects/proofbox-5f16e:testIamPermissions x-goog-quota-user=projects/proofbox-5f16e
[debug] [2025-09-14T20:48:22.702Z] >>> [apiv2][body] POST https://cloudresourcemanager.googleapis.com/v1/projects/proofbox-5f16e:testIamPermissions {"permissions":["firebase.projects.get","firebaseextensions.instances.list"]}
[debug] [2025-09-14T20:48:23.335Z] <<< [apiv2][status] POST https://cloudresourcemanager.googleapis.com/v1/projects/proofbox-5f16e:testIamPermissions 200
[debug] [2025-09-14T20:48:23.336Z] <<< [apiv2][body] POST https://cloudresourcemanager.googleapis.com/v1/projects/proofbox-5f16e:testIamPermissions {"permissions":["firebase.projects.get","firebaseextensions.instances.list"]}
[debug] [2025-09-14T20:48:23.337Z] Checked if tokens are valid: true, expires at: 1757884848675
[debug] [2025-09-14T20:48:23.337Z] Checked if tokens are valid: true, expires at: 1757884848675
[debug] [2025-09-14T20:48:23.337Z] >>> [apiv2][query] GET https://firebaseextensions.googleapis.com/v1beta/projects/proofbox-5f16e/instances pageSize=100&pageToken=
[debug] [2025-09-14T20:48:24.086Z] <<< [apiv2][status] GET https://firebaseextensions.googleapis.com/v1beta/projects/proofbox-5f16e/instances 200
[debug] [2025-09-14T20:48:24.087Z] <<< [apiv2][body] GET https://firebaseextensions.googleapis.com/v1beta/projects/proofbox-5f16e/instances {}
[info] i  functions: preparing functions directory for uploading... 
[info] i  functions: packaged C:\Users\conta\Desktop\ProofBox\functions (32.17 KB) for uploading 
[debug] [2025-09-14T20:48:24.117Z] Checked if tokens are valid: true, expires at: 1757884848675
[debug] [2025-09-14T20:48:24.117Z] Checked if tokens are valid: true, expires at: 1757884848675
[debug] [2025-09-14T20:48:24.117Z] >>> [apiv2][query] GET https://cloudfunctions.googleapis.com/v1/projects/proofbox-5f16e/locations/-/functions [none]
[debug] [2025-09-14T20:48:24.686Z] <<< [apiv2][status] GET https://cloudfunctions.googleapis.com/v1/projects/proofbox-5f16e/locations/-/functions 200
[debug] [2025-09-14T20:48:24.686Z] <<< [apiv2][body] GET https://cloudfunctions.googleapis.com/v1/projects/proofbox-5f16e/locations/-/functions {"functions":[{"name":"projects/proofbox-5f16e/locations/europe-west1/functions/sendDueReminders","eventTrigger":{"eventType":"google.pubsub.topic.publish","resource":"projects/proofbox-5f16e/topics/firebase-schedule-sendDueReminders-europe-west1","service":"pubsub.googleapis.com","failurePolicy":{}},"status":"OFFLINE","entryPoint":"sendDueReminders","timeout":"60s","availableMemoryMb":256,"serviceAccountEmail":"proofbox-5f16e@appspot.gserviceaccount.com","updateTime":"2025-09-14T20:15:10.247245459Z","versionId":"1","labels":{"deployment-scheduled":"true","firebase-functions-hash":"fd82d2221883480a3166dd7fdba69a44a492fae3","deployment-tool":"cli-firebase"},"sourceUploadUrl":"https://storage.googleapis.com/uploads-762971119087.europe-west1.cloudfunctions.appspot.com/5de6f9ec-520c-40f0-baa6-45d0599c24af.zip","environmentVariables":{"FIREBASE_CONFIG":"{\"projectId\":\"proofbox-5f16e\",\"storageBucket\":\"proofbox-5f16e.firebasestorage.app\"}","GCLOUD_PROJECT":"proofbox-5f16e","EVENTARC_CLOUD_EVENT_SOURCE":"projects/proofbox-5f16e/locations/europe-west1/functions/sendDueReminders"},"runtime":"nodejs20","maxInstances":3000,"ingressSettings":"ALLOW_ALL","buildId":"37407372-97a7-4d16-ac9f-21ffe3464e9e","buildEnvironmentVariables":{"GOOGLE_NODE_RUN_SCRIPTS":""},"buildName":"projects/854756492452/locations/europe-west1/builds/37407372-97a7-4d16-ac9f-21ffe3464e9e","dockerRegistry":"ARTIFACT_REGISTRY","automaticUpdatePolicy":{},"buildServiceAccount":"projects/proofbox-5f16e/serviceAccounts/854756492452-compute@developer.gserviceaccount.com","satisfiesPzi":true},{"name":"projects/proofbox-5f16e/locations/us-central1/functions/sendDueReminders","eventTrigger":{"eventType":"google.pubsub.topic.publish","resource":"projects/proofbox-5f16e/topics/firebase-schedule-sendDueReminders-us-central1","service":"pubsub.googleapis.com","failurePolicy":{}},"status":"OFFLINE","entryPoint":"sendDueReminders","timeout":"60s","availableMemoryMb":256,"serviceAccountEmail":"proofbox-5f16e@appspot.gserviceaccount.com","updateTime":"2025-09-14T19:44:20.178899578Z","versionId":"3","labels":{"deployment-tool":"cli-firebase","deployment-scheduled":"true","firebase-functions-hash":"ecc92c5d6a0d8fb820338134a4dfabc2c7b147a3"},"sourceUploadUrl":"https://storage.googleapis.com/uploads-87004785998.us-central1.cloudfunctions.appspot.com/3081fee0-ae61-4df2-9500-ee026577e645.zip","environmentVariables":{"FIREBASE_CONFIG":"{\"projectId\":\"proofbox-5f16e\",\"storageBucket\":\"proofbox-5f16e.firebasestorage.app\"}","GCLOUD_PROJECT":"proofbox-5f16e","EVENTARC_CLOUD_EVENT_SOURCE":"projects/proofbox-5f16e/locations/us-central1/functions/sendDueReminders"},"runtime":"nodejs20","maxInstances":3000,"ingressSettings":"ALLOW_ALL","buildId":"8c03c416-4981-4ab4-9b1f-6d6801f685fe","buildEnvironmentVariables":{"GOOGLE_NODE_RUN_SCRIPTS":""},"buildName":"projects/854756492452/locations/us-central1/builds/8c03c416-4981-4ab4-9b1f-6d6801f685fe","dockerRegistry":"ARTIFACT_REGISTRY","automaticUpdatePolicy":{},"buildServiceAccount":"projects/proofbox-5f16e/serviceAccounts/854756492452-compute@developer.gserviceaccount.com","satisfiesPzi":true}]}
[debug] [2025-09-14T20:48:24.686Z] Checked if tokens are valid: true, expires at: 1757884848675
[debug] [2025-09-14T20:48:24.686Z] Checked if tokens are valid: true, expires at: 1757884848675
[debug] [2025-09-14T20:48:24.687Z] >>> [apiv2][query] GET https://cloudfunctions.googleapis.com/v2/projects/proofbox-5f16e/locations/-/functions filter=environment%3D%22GEN_2%22
[debug] [2025-09-14T20:48:25.635Z] <<< [apiv2][status] GET https://cloudfunctions.googleapis.com/v2/projects/proofbox-5f16e/locations/-/functions 200
[debug] [2025-09-14T20:48:25.635Z] <<< [apiv2][body] GET https://cloudfunctions.googleapis.com/v2/projects/proofbox-5f16e/locations/-/functions {}
[info] i  functions: ensuring required API cloudscheduler.googleapis.com is enabled... 
[debug] [2025-09-14T20:48:25.640Z] Checked if tokens are valid: true, expires at: 1757884848675
[debug] [2025-09-14T20:48:25.640Z] Checked if tokens are valid: true, expires at: 1757884848675
[debug] [2025-09-14T20:48:25.641Z] >>> [apiv2][query] GET https://cloudresourcemanager.googleapis.com/v1/projects/proofbox-5f16e [none]
[debug] [2025-09-14T20:48:25.833Z] <<< [apiv2][status] GET https://cloudresourcemanager.googleapis.com/v1/projects/proofbox-5f16e 200
[debug] [2025-09-14T20:48:25.833Z] <<< [apiv2][body] GET https://cloudresourcemanager.googleapis.com/v1/projects/proofbox-5f16e {"projectNumber":"854756492452","projectId":"proofbox-5f16e","lifecycleState":"ACTIVE","name":"ProofBox","labels":{"firebase":"enabled","firebase-core":"disabled"},"createTime":"2025-08-15T02:20:12.357684Z","parent":{"type":"organization","id":"294271354232"}}
[debug] [2025-09-14T20:48:25.833Z] Checked if tokens are valid: true, expires at: 1757884848675
[debug] [2025-09-14T20:48:25.834Z] Checked if tokens are valid: true, expires at: 1757884848675
[debug] [2025-09-14T20:48:25.834Z] >>> [apiv2][query] GET https://cloudbilling.googleapis.com/v1/projects/proofbox-5f16e/billingInfo [none]
[debug] [2025-09-14T20:48:27.318Z] <<< [apiv2][status] GET https://cloudbilling.googleapis.com/v1/projects/proofbox-5f16e/billingInfo 200
[debug] [2025-09-14T20:48:27.319Z] <<< [apiv2][body] GET https://cloudbilling.googleapis.com/v1/projects/proofbox-5f16e/billingInfo {"name":"projects/proofbox-5f16e/billingInfo","projectId":"proofbox-5f16e","billingAccountName":"billingAccounts/0145E2-FCEB42-80B9A6","billingEnabled":true}
[debug] [2025-09-14T20:48:27.320Z] Checked if tokens are valid: true, expires at: 1757884848675
[debug] [2025-09-14T20:48:27.320Z] Checked if tokens are valid: true, expires at: 1757884848675
[debug] [2025-09-14T20:48:27.320Z] >>> [apiv2][query] POST https://cloudfunctions.googleapis.com/v1/projects/proofbox-5f16e/locations/us-central1/functions:generateUploadUrl [none]
[debug] [2025-09-14T20:48:27.320Z] >>> [apiv2][body] POST https://cloudfunctions.googleapis.com/v1/projects/proofbox-5f16e/locations/us-central1/functions:generateUploadUrl {}
[debug] [2025-09-14T20:48:27.929Z] <<< [apiv2][status] POST https://cloudfunctions.googleapis.com/v1/projects/proofbox-5f16e/locations/us-central1/functions:generateUploadUrl 200
[debug] [2025-09-14T20:48:27.929Z] <<< [apiv2][body] POST https://cloudfunctions.googleapis.com/v1/projects/proofbox-5f16e/locations/us-central1/functions:generateUploadUrl {"uploadUrl":"https://storage.googleapis.com/uploads-87004785998.us-central1.cloudfunctions.appspot.com/70919e16-c497-4612-aa1a-f55274a0153c.zip?GoogleAccessId=service-854756492452@gcf-admin-robot.iam.gserviceaccount.com&Expires=1757884707&Signature=k9S36mAKOMmHGDqukmVcRuNPXMfMnHqDrA0IIenTTtNzN07S2k1c1CoqocsYNGLQVRRAXEmD%2FQdidbmw33sBiB1YKIBTULu08ChJsyIjoRoNmNNTsmxvOxkPlukptXpI7eCHR5xudchvamfPzIGgZ%2F0wGA4l1G1TvxlbBRUpAX9eiUllYIyeJiiX1K2yNyH9gTdjexWJWvxpikkrDHl%2FihnQaXefFtyIoL7gAvqTuQ68It5mxcsukGaxg0lzf2nl9rUaFWTGjkff0Uuq%2BOapSXf1DOsFuQSq%2BgY4Pahmf3OiFbgu6hCoGdlvNUqrt4HcDFkp0gGaUI3luHz1nP97lg%3D%3D"}
[debug] [2025-09-14T20:48:27.931Z] >>> [apiv2][query] PUT https://storage.googleapis.com/uploads-87004785998.us-central1.cloudfunctions.appspot.com/70919e16-c497-4612-aa1a-f55274a0153c.zip GoogleAccessId=service-854756492452%40gcf-admin-robot.iam.gserviceaccount.com&Expires=1757884707&Signature=k9S36mAKOMmHGDqukmVcRuNPXMfMnHqDrA0IIenTTtNzN07S2k1c1CoqocsYNGLQVRRAXEmD%2FQdidbmw33sBiB1YKIBTULu08ChJsyIjoRoNmNNTsmxvOxkPlukptXpI7eCHR5xudchvamfPzIGgZ%2F0wGA4l1G1TvxlbBRUpAX9eiUllYIyeJiiX1K2yNyH9gTdjexWJWvxpikkrDHl%2FihnQaXefFtyIoL7gAvqTuQ68It5mxcsukGaxg0lzf2nl9rUaFWTGjkff0Uuq%2BOapSXf1DOsFuQSq%2BgY4Pahmf3OiFbgu6hCoGdlvNUqrt4HcDFkp0gGaUI3luHz1nP97lg%3D%3D
[debug] [2025-09-14T20:48:27.931Z] >>> [apiv2][body] PUT https://storage.googleapis.com/uploads-87004785998.us-central1.cloudfunctions.appspot.com/70919e16-c497-4612-aa1a-f55274a0153c.zip [stream]
[debug] [2025-09-14T20:48:29.069Z] <<< [apiv2][status] PUT https://storage.googleapis.com/uploads-87004785998.us-central1.cloudfunctions.appspot.com/70919e16-c497-4612-aa1a-f55274a0153c.zip 200
[debug] [2025-09-14T20:48:29.069Z] <<< [apiv2][body] PUT https://storage.googleapis.com/uploads-87004785998.us-central1.cloudfunctions.appspot.com/70919e16-c497-4612-aa1a-f55274a0153c.zip [omitted]
[info] +  functions: functions folder uploaded successfully 
[info] 
The following functions are found in your project but do not exist in your local source code:
	sendDueReminders(europe-west1)

If you are renaming a function or changing its region, it is recommended that you create the new function first before deleting the old one to prevent event loss. For more info, visit https://firebase.google.com/docs/functions/manage-functions#modify

[info] i  functions: updating Node.js 20 (1st Gen) function sendDueReminders(us-central1)... 
[debug] [2025-09-14T20:49:47.099Z] Checked if tokens are valid: true, expires at: 1757884848675
[debug] [2025-09-14T20:49:47.100Z] Checked if tokens are valid: true, expires at: 1757884848675
[info] i  functions: deleting Node.js 20 (1st Gen) function sendDueReminders(europe-west1)... 
[debug] [2025-09-14T20:49:47.100Z] Checked if tokens are valid: true, expires at: 1757884848675
[debug] [2025-09-14T20:49:47.100Z] Checked if tokens are valid: true, expires at: 1757884848675
[debug] [2025-09-14T20:49:47.100Z] >>> [apiv2][query] PATCH https://cloudfunctions.googleapis.com/v1/projects/proofbox-5f16e/locations/us-central1/functions/sendDueReminders updateMask=name%2CsourceUploadUrl%2CentryPoint%2Cruntime%2CdockerRegistry%2Clabels%2CeventTrigger.eventType%2CeventTrigger.resource%2CminInstances%2CmaxInstances%2CingressSettings%2CenvironmentVariables%2CserviceAccountEmail%2CavailableMemoryMb%2Ctimeout%2CvpcConnector%2CvpcConnectorEgressSettings%2CsourceToken%2CbuildEnvironmentVariables
[debug] [2025-09-14T20:49:47.100Z] >>> [apiv2][body] PATCH https://cloudfunctions.googleapis.com/v1/projects/proofbox-5f16e/locations/us-central1/functions/sendDueReminders {"name":"projects/proofbox-5f16e/locations/us-central1/functions/sendDueReminders","sourceUploadUrl":"https://storage.googleapis.com/uploads-87004785998.us-central1.cloudfunctions.appspot.com/70919e16-c497-4612-aa1a-f55274a0153c.zip?GoogleAccessId=service-854756492452@gcf-admin-robot.iam.gserviceaccount.com&Expires=1757884707&Signature=k9S36mAKOMmHGDqukmVcRuNPXMfMnHqDrA0IIenTTtNzN07S2k1c1CoqocsYNGLQVRRAXEmD%2FQdidbmw33sBiB1YKIBTULu08ChJsyIjoRoNmNNTsmxvOxkPlukptXpI7eCHR5xudchvamfPzIGgZ%2F0wGA4l1G1TvxlbBRUpAX9eiUllYIyeJiiX1K2yNyH9gTdjexWJWvxpikkrDHl%2FihnQaXefFtyIoL7gAvqTuQ68It5mxcsukGaxg0lzf2nl9rUaFWTGjkff0Uuq%2BOapSXf1DOsFuQSq%2BgY4Pahmf3OiFbgu6hCoGdlvNUqrt4HcDFkp0gGaUI3luHz1nP97lg%3D%3D","entryPoint":"sendDueReminders","runtime":"nodejs20","dockerRegistry":"ARTIFACT_REGISTRY","labels":{"deployment-tool":"cli-firebase","deployment-scheduled":"true","firebase-functions-hash":"7616f04e9ef38a721684d88964d3b58b3b5b946a"},"eventTrigger":{"eventType":"google.pubsub.topic.publish","resource":"projects/proofbox-5f16e/topics/firebase-schedule-sendDueReminders-us-central1"},"minInstances":null,"maxInstances":null,"ingressSettings":null,"environmentVariables":{"FIREBASE_CONFIG":"{\"projectId\":\"proofbox-5f16e\",\"storageBucket\":\"proofbox-5f16e.firebasestorage.app\"}","GCLOUD_PROJECT":"proofbox-5f16e","EVENTARC_CLOUD_EVENT_SOURCE":"projects/proofbox-5f16e/locations/us-central1/functions/sendDueReminders"},"serviceAccountEmail":null,"availableMemoryMb":null,"timeout":null,"vpcConnector":null,"vpcConnectorEgressSettings":null,"buildEnvironmentVariables":{"GOOGLE_NODE_RUN_SCRIPTS":""}}
[debug] [2025-09-14T20:49:47.103Z] >>> [apiv2][query] DELETE https://cloudscheduler.googleapis.com/v1/projects/proofbox-5f16e/locations/us-central1/jobs/firebase-schedule-sendDueReminders-europe-west1 [none]
[debug] [2025-09-14T20:49:48.118Z] <<< [apiv2][status] PATCH https://cloudfunctions.googleapis.com/v1/projects/proofbox-5f16e/locations/us-central1/functions/sendDueReminders 200
[debug] [2025-09-14T20:49:48.119Z] <<< [apiv2][body] PATCH https://cloudfunctions.googleapis.com/v1/projects/proofbox-5f16e/locations/us-central1/functions/sendDueReminders {"name":"operations/cHJvb2Zib3gtNWYxNmUvdXMtY2VudHJhbDEvc2VuZER1ZVJlbWluZGVycy94SE9nb3FjdmNQNA","metadata":{"@type":"type.googleapis.com/google.cloud.functions.v1.OperationMetadataV1","target":"projects/proofbox-5f16e/locations/us-central1/functions/sendDueReminders","type":"UPDATE_FUNCTION","request":{"@type":"type.googleapis.com/google.cloud.functions.v1.CloudFunction","name":"projects/proofbox-5f16e/locations/us-central1/functions/sendDueReminders","eventTrigger":{"eventType":"google.pubsub.topic.publish","resource":"projects/proofbox-5f16e/topics/firebase-schedule-sendDueReminders-us-central1","service":"pubsub.googleapis.com","failurePolicy":{}},"status":"OFFLINE","entryPoint":"sendDueReminders","updateTime":"2025-09-14T19:44:17.904Z","versionId":"3","labels":{"deployment-tool":"cli-firebase","deployment-scheduled":"true","firebase-functions-hash":"7616f04e9ef38a721684d88964d3b58b3b5b946a"},"sourceUploadUrl":"https://storage.googleapis.com/uploads-87004785998.us-central1.cloudfunctions.appspot.com/70919e16-c497-4612-aa1a-f55274a0153c.zip?GoogleAccessId=service-854756492452@gcf-admin-robot.iam.gserviceaccount.com&Expires=1757884707&Signature=k9S36mAKOMmHGDqukmVcRuNPXMfMnHqDrA0IIenTTtNzN07S2k1c1CoqocsYNGLQVRRAXEmD%2FQdidbmw33sBiB1YKIBTULu08ChJsyIjoRoNmNNTsmxvOxkPlukptXpI7eCHR5xudchvamfPzIGgZ%2F0wGA4l1G1TvxlbBRUpAX9eiUllYIyeJiiX1K2yNyH9gTdjexWJWvxpikkrDHl%2FihnQaXefFtyIoL7gAvqTuQ68It5mxcsukGaxg0lzf2nl9rUaFWTGjkff0Uuq%2BOapSXf1DOsFuQSq%2BgY4Pahmf3OiFbgu6hCoGdlvNUqrt4HcDFkp0gGaUI3luHz1nP97lg%3D%3D","environmentVariables":{"FIREBASE_CONFIG":"{\"projectId\":\"proofbox-5f16e\",\"storageBucket\":\"proofbox-5f16e.firebasestorage.app\"}","GCLOUD_PROJECT":"proofbox-5f16e","EVENTARC_CLOUD_EVENT_SOURCE":"projects/proofbox-5f16e/locations/us-central1/functions/sendDueReminders"},"runtime":"nodejs20","buildId":"8c03c416-4981-4ab4-9b1f-6d6801f685fe","buildEnvironmentVariables":{"GOOGLE_NODE_RUN_SCRIPTS":""},"buildName":"projects/854756492452/locations/us-central1/builds/8c03c416-4981-4ab4-9b1f-6d6801f685fe","dockerRegistry":"ARTIFACT_REGISTRY","automaticUpdatePolicy":{},"buildServiceAccount":"projects/proofbox-5f16e/serviceAccounts/854756492452-compute@developer.gserviceaccount.com"},"versionId":"4","updateTime":"2025-09-14T20:49:47Z"}}
[debug] [2025-09-14T20:49:48.119Z] Checked if tokens are valid: true, expires at: 1757884848675
[debug] [2025-09-14T20:49:48.119Z] Checked if tokens are valid: true, expires at: 1757884848675
[debug] [2025-09-14T20:49:48.119Z] >>> [apiv2][query] GET https://cloudfunctions.googleapis.com/v1/operations/cHJvb2Zib3gtNWYxNmUvdXMtY2VudHJhbDEvc2VuZER1ZVJlbWluZGVycy94SE9nb3FjdmNQNA [none]
[debug] [2025-09-14T20:49:48.323Z] <<< [apiv2][status] GET https://cloudfunctions.googleapis.com/v1/operations/cHJvb2Zib3gtNWYxNmUvdXMtY2VudHJhbDEvc2VuZER1ZVJlbWluZGVycy94SE9nb3FjdmNQNA 200
[debug] [2025-09-14T20:49:48.323Z] <<< [apiv2][body] GET https://cloudfunctions.googleapis.com/v1/operations/cHJvb2Zib3gtNWYxNmUvdXMtY2VudHJhbDEvc2VuZER1ZVJlbWluZGVycy94SE9nb3FjdmNQNA {"name":"operations/cHJvb2Zib3gtNWYxNmUvdXMtY2VudHJhbDEvc2VuZER1ZVJlbWluZGVycy94SE9nb3FjdmNQNA","metadata":{"@type":"type.googleapis.com/google.cloud.functions.v1.OperationMetadataV1","target":"projects/proofbox-5f16e/locations/us-central1/functions/sendDueReminders","type":"UPDATE_FUNCTION","request":{"@type":"type.googleapis.com/google.cloud.functions.v1.CloudFunction","name":"projects/proofbox-5f16e/locations/us-central1/functions/sendDueReminders","eventTrigger":{"eventType":"google.pubsub.topic.publish","resource":"projects/proofbox-5f16e/topics/firebase-schedule-sendDueReminders-us-central1","service":"pubsub.googleapis.com","failurePolicy":{}},"status":"OFFLINE","entryPoint":"sendDueReminders","updateTime":"2025-09-14T19:44:17.904Z","versionId":"3","labels":{"deployment-tool":"cli-firebase","deployment-scheduled":"true","firebase-functions-hash":"7616f04e9ef38a721684d88964d3b58b3b5b946a"},"sourceUploadUrl":"https://storage.googleapis.com/uploads-87004785998.us-central1.cloudfunctions.appspot.com/70919e16-c497-4612-aa1a-f55274a0153c.zip?GoogleAccessId=service-854756492452@gcf-admin-robot.iam.gserviceaccount.com&Expires=1757884707&Signature=k9S36mAKOMmHGDqukmVcRuNPXMfMnHqDrA0IIenTTtNzN07S2k1c1CoqocsYNGLQVRRAXEmD%2FQdidbmw33sBiB1YKIBTULu08ChJsyIjoRoNmNNTsmxvOxkPlukptXpI7eCHR5xudchvamfPzIGgZ%2F0wGA4l1G1TvxlbBRUpAX9eiUllYIyeJiiX1K2yNyH9gTdjexWJWvxpikkrDHl%2FihnQaXefFtyIoL7gAvqTuQ68It5mxcsukGaxg0lzf2nl9rUaFWTGjkff0Uuq%2BOapSXf1DOsFuQSq%2BgY4Pahmf3OiFbgu6hCoGdlvNUqrt4HcDFkp0gGaUI3luHz1nP97lg%3D%3D","environmentVariables":{"FIREBASE_CONFIG":"{\"projectId\":\"proofbox-5f16e\",\"storageBucket\":\"proofbox-5f16e.firebasestorage.app\"}","GCLOUD_PROJECT":"proofbox-5f16e","EVENTARC_CLOUD_EVENT_SOURCE":"projects/proofbox-5f16e/locations/us-central1/functions/sendDueReminders"},"runtime":"nodejs20","buildId":"8c03c416-4981-4ab4-9b1f-6d6801f685fe","buildEnvironmentVariables":{"GOOGLE_NODE_RUN_SCRIPTS":""},"buildName":"projects/854756492452/locations/us-central1/builds/8c03c416-4981-4ab4-9b1f-6d6801f685fe","dockerRegistry":"ARTIFACT_REGISTRY","automaticUpdatePolicy":{},"buildServiceAccount":"projects/proofbox-5f16e/serviceAccounts/854756492452-compute@developer.gserviceaccount.com"},"versionId":"4","updateTime":"2025-09-14T20:49:47Z"}}
[debug] [2025-09-14T20:49:48.828Z] [update-default-us-central1-sendDueReminders] Retrying task index 0
[debug] [2025-09-14T20:49:48.829Z] Checked if tokens are valid: true, expires at: 1757884848675
[debug] [2025-09-14T20:49:48.830Z] Checked if tokens are valid: true, expires at: 1757884848675
[debug] [2025-09-14T20:49:48.830Z] >>> [apiv2][query] GET https://cloudfunctions.googleapis.com/v1/operations/cHJvb2Zib3gtNWYxNmUvdXMtY2VudHJhbDEvc2VuZER1ZVJlbWluZGVycy94SE9nb3FjdmNQNA [none]
[debug] [2025-09-14T20:49:49.051Z] <<< [apiv2][status] GET https://cloudfunctions.googleapis.com/v1/operations/cHJvb2Zib3gtNWYxNmUvdXMtY2VudHJhbDEvc2VuZER1ZVJlbWluZGVycy94SE9nb3FjdmNQNA 200
[debug] [2025-09-14T20:49:49.051Z] <<< [apiv2][body] GET https://cloudfunctions.googleapis.com/v1/operations/cHJvb2Zib3gtNWYxNmUvdXMtY2VudHJhbDEvc2VuZER1ZVJlbWluZGVycy94SE9nb3FjdmNQNA {"name":"operations/cHJvb2Zib3gtNWYxNmUvdXMtY2VudHJhbDEvc2VuZER1ZVJlbWluZGVycy94SE9nb3FjdmNQNA","metadata":{"@type":"type.googleapis.com/google.cloud.functions.v1.OperationMetadataV1","target":"projects/proofbox-5f16e/locations/us-central1/functions/sendDueReminders","type":"UPDATE_FUNCTION","request":{"@type":"type.googleapis.com/google.cloud.functions.v1.CloudFunction","name":"projects/proofbox-5f16e/locations/us-central1/functions/sendDueReminders","eventTrigger":{"eventType":"google.pubsub.topic.publish","resource":"projects/proofbox-5f16e/topics/firebase-schedule-sendDueReminders-us-central1","service":"pubsub.googleapis.com","failurePolicy":{}},"status":"OFFLINE","entryPoint":"sendDueReminders","updateTime":"2025-09-14T19:44:17.904Z","versionId":"3","labels":{"deployment-tool":"cli-firebase","deployment-scheduled":"true","firebase-functions-hash":"7616f04e9ef38a721684d88964d3b58b3b5b946a"},"sourceUploadUrl":"https://storage.googleapis.com/uploads-87004785998.us-central1.cloudfunctions.appspot.com/70919e16-c497-4612-aa1a-f55274a0153c.zip?GoogleAccessId=service-854756492452@gcf-admin-robot.iam.gserviceaccount.com&Expires=1757884707&Signature=k9S36mAKOMmHGDqukmVcRuNPXMfMnHqDrA0IIenTTtNzN07S2k1c1CoqocsYNGLQVRRAXEmD%2FQdidbmw33sBiB1YKIBTULu08ChJsyIjoRoNmNNTsmxvOxkPlukptXpI7eCHR5xudchvamfPzIGgZ%2F0wGA4l1G1TvxlbBRUpAX9eiUllYIyeJiiX1K2yNyH9gTdjexWJWvxpikkrDHl%2FihnQaXefFtyIoL7gAvqTuQ68It5mxcsukGaxg0lzf2nl9rUaFWTGjkff0Uuq%2BOapSXf1DOsFuQSq%2BgY4Pahmf3OiFbgu6hCoGdlvNUqrt4HcDFkp0gGaUI3luHz1nP97lg%3D%3D","environmentVariables":{"FIREBASE_CONFIG":"{\"projectId\":\"proofbox-5f16e\",\"storageBucket\":\"proofbox-5f16e.firebasestorage.app\"}","GCLOUD_PROJECT":"proofbox-5f16e","EVENTARC_CLOUD_EVENT_SOURCE":"projects/proofbox-5f16e/locations/us-central1/functions/sendDueReminders"},"runtime":"nodejs20","buildId":"8c03c416-4981-4ab4-9b1f-6d6801f685fe","buildEnvironmentVariables":{"GOOGLE_NODE_RUN_SCRIPTS":""},"buildName":"projects/854756492452/locations/us-central1/builds/8c03c416-4981-4ab4-9b1f-6d6801f685fe","dockerRegistry":"ARTIFACT_REGISTRY","automaticUpdatePolicy":{},"buildServiceAccount":"projects/proofbox-5f16e/serviceAccounts/854756492452-compute@developer.gserviceaccount.com"},"versionId":"4","updateTime":"2025-09-14T20:49:47Z","buildId":"ed3e3a90-4c62-4303-bc2f-f6979e29035f","buildName":"projects/854756492452/locations/us-central1/builds/ed3e3a90-4c62-4303-bc2f-f6979e29035f"}}
[debug] [2025-09-14T20:49:50.054Z] [update-default-us-central1-sendDueReminders] Retrying task index 0
[debug] [2025-09-14T20:49:50.054Z] Checked if tokens are valid: true, expires at: 1757884848675
[debug] [2025-09-14T20:49:50.054Z] Checked if tokens are valid: true, expires at: 1757884848675
[debug] [2025-09-14T20:49:50.055Z] >>> [apiv2][query] GET https://cloudfunctions.googleapis.com/v1/operations/cHJvb2Zib3gtNWYxNmUvdXMtY2VudHJhbDEvc2VuZER1ZVJlbWluZGVycy94SE9nb3FjdmNQNA [none]
[debug] [2025-09-14T20:49:50.245Z] <<< [apiv2][status] GET https://cloudfunctions.googleapis.com/v1/operations/cHJvb2Zib3gtNWYxNmUvdXMtY2VudHJhbDEvc2VuZER1ZVJlbWluZGVycy94SE9nb3FjdmNQNA 200
[debug] [2025-09-14T20:49:50.245Z] <<< [apiv2][body] GET https://cloudfunctions.googleapis.com/v1/operations/cHJvb2Zib3gtNWYxNmUvdXMtY2VudHJhbDEvc2VuZER1ZVJlbWluZGVycy94SE9nb3FjdmNQNA {"name":"operations/cHJvb2Zib3gtNWYxNmUvdXMtY2VudHJhbDEvc2VuZER1ZVJlbWluZGVycy94SE9nb3FjdmNQNA","metadata":{"@type":"type.googleapis.com/google.cloud.functions.v1.OperationMetadataV1","target":"projects/proofbox-5f16e/locations/us-central1/functions/sendDueReminders","type":"UPDATE_FUNCTION","request":{"@type":"type.googleapis.com/google.cloud.functions.v1.CloudFunction","name":"projects/proofbox-5f16e/locations/us-central1/functions/sendDueReminders","eventTrigger":{"eventType":"google.pubsub.topic.publish","resource":"projects/proofbox-5f16e/topics/firebase-schedule-sendDueReminders-us-central1","service":"pubsub.googleapis.com","failurePolicy":{}},"status":"OFFLINE","entryPoint":"sendDueReminders","updateTime":"2025-09-14T19:44:17.904Z","versionId":"3","labels":{"deployment-tool":"cli-firebase","deployment-scheduled":"true","firebase-functions-hash":"7616f04e9ef38a721684d88964d3b58b3b5b946a"},"sourceUploadUrl":"https://storage.googleapis.com/uploads-87004785998.us-central1.cloudfunctions.appspot.com/70919e16-c497-4612-aa1a-f55274a0153c.zip?GoogleAccessId=service-854756492452@gcf-admin-robot.iam.gserviceaccount.com&Expires=1757884707&Signature=k9S36mAKOMmHGDqukmVcRuNPXMfMnHqDrA0IIenTTtNzN07S2k1c1CoqocsYNGLQVRRAXEmD%2FQdidbmw33sBiB1YKIBTULu08ChJsyIjoRoNmNNTsmxvOxkPlukptXpI7eCHR5xudchvamfPzIGgZ%2F0wGA4l1G1TvxlbBRUpAX9eiUllYIyeJiiX1K2yNyH9gTdjexWJWvxpikkrDHl%2FihnQaXefFtyIoL7gAvqTuQ68It5mxcsukGaxg0lzf2nl9rUaFWTGjkff0Uuq%2BOapSXf1DOsFuQSq%2BgY4Pahmf3OiFbgu6hCoGdlvNUqrt4HcDFkp0gGaUI3luHz1nP97lg%3D%3D","environmentVariables":{"FIREBASE_CONFIG":"{\"projectId\":\"proofbox-5f16e\",\"storageBucket\":\"proofbox-5f16e.firebasestorage.app\"}","GCLOUD_PROJECT":"proofbox-5f16e","EVENTARC_CLOUD_EVENT_SOURCE":"projects/proofbox-5f16e/locations/us-central1/functions/sendDueReminders"},"runtime":"nodejs20","buildId":"8c03c416-4981-4ab4-9b1f-6d6801f685fe","buildEnvironmentVariables":{"GOOGLE_NODE_RUN_SCRIPTS":""},"buildName":"projects/854756492452/locations/us-central1/builds/8c03c416-4981-4ab4-9b1f-6d6801f685fe","dockerRegistry":"ARTIFACT_REGISTRY","automaticUpdatePolicy":{},"buildServiceAccount":"projects/proofbox-5f16e/serviceAccounts/854756492452-compute@developer.gserviceaccount.com"},"versionId":"4","updateTime":"2025-09-14T20:49:47Z","buildId":"ed3e3a90-4c62-4303-bc2f-f6979e29035f","buildName":"projects/854756492452/locations/us-central1/builds/ed3e3a90-4c62-4303-bc2f-f6979e29035f"}}
[debug] [2025-09-14T20:49:52.257Z] [update-default-us-central1-sendDueReminders] Retrying task index 0
[debug] [2025-09-14T20:49:52.257Z] Checked if tokens are valid: true, expires at: 1757884848675
[debug] [2025-09-14T20:49:52.257Z] Checked if tokens are valid: true, expires at: 1757884848675
[debug] [2025-09-14T20:49:52.257Z] >>> [apiv2][query] GET https://cloudfunctions.googleapis.com/v1/operations/cHJvb2Zib3gtNWYxNmUvdXMtY2VudHJhbDEvc2VuZER1ZVJlbWluZGVycy94SE9nb3FjdmNQNA [none]
[debug] [2025-09-14T20:49:52.462Z] <<< [apiv2][status] GET https://cloudfunctions.googleapis.com/v1/operations/cHJvb2Zib3gtNWYxNmUvdXMtY2VudHJhbDEvc2VuZER1ZVJlbWluZGVycy94SE9nb3FjdmNQNA 200
[debug] [2025-09-14T20:49:52.462Z] <<< [apiv2][body] GET https://cloudfunctions.googleapis.com/v1/operations/cHJvb2Zib3gtNWYxNmUvdXMtY2VudHJhbDEvc2VuZER1ZVJlbWluZGVycy94SE9nb3FjdmNQNA {"name":"operations/cHJvb2Zib3gtNWYxNmUvdXMtY2VudHJhbDEvc2VuZER1ZVJlbWluZGVycy94SE9nb3FjdmNQNA","metadata":{"@type":"type.googleapis.com/google.cloud.functions.v1.OperationMetadataV1","target":"projects/proofbox-5f16e/locations/us-central1/functions/sendDueReminders","type":"UPDATE_FUNCTION","request":{"@type":"type.googleapis.com/google.cloud.functions.v1.CloudFunction","name":"projects/proofbox-5f16e/locations/us-central1/functions/sendDueReminders","eventTrigger":{"eventType":"google.pubsub.topic.publish","resource":"projects/proofbox-5f16e/topics/firebase-schedule-sendDueReminders-us-central1","service":"pubsub.googleapis.com","failurePolicy":{}},"status":"OFFLINE","entryPoint":"sendDueReminders","updateTime":"2025-09-14T19:44:17.904Z","versionId":"3","labels":{"deployment-tool":"cli-firebase","deployment-scheduled":"true","firebase-functions-hash":"7616f04e9ef38a721684d88964d3b58b3b5b946a"},"sourceUploadUrl":"https://storage.googleapis.com/uploads-87004785998.us-central1.cloudfunctions.appspot.com/70919e16-c497-4612-aa1a-f55274a0153c.zip?GoogleAccessId=service-854756492452@gcf-admin-robot.iam.gserviceaccount.com&Expires=1757884707&Signature=k9S36mAKOMmHGDqukmVcRuNPXMfMnHqDrA0IIenTTtNzN07S2k1c1CoqocsYNGLQVRRAXEmD%2FQdidbmw33sBiB1YKIBTULu08ChJsyIjoRoNmNNTsmxvOxkPlukptXpI7eCHR5xudchvamfPzIGgZ%2F0wGA4l1G1TvxlbBRUpAX9eiUllYIyeJiiX1K2yNyH9gTdjexWJWvxpikkrDHl%2FihnQaXefFtyIoL7gAvqTuQ68It5mxcsukGaxg0lzf2nl9rUaFWTGjkff0Uuq%2BOapSXf1DOsFuQSq%2BgY4Pahmf3OiFbgu6hCoGdlvNUqrt4HcDFkp0gGaUI3luHz1nP97lg%3D%3D","environmentVariables":{"FIREBASE_CONFIG":"{\"projectId\":\"proofbox-5f16e\",\"storageBucket\":\"proofbox-5f16e.firebasestorage.app\"}","GCLOUD_PROJECT":"proofbox-5f16e","EVENTARC_CLOUD_EVENT_SOURCE":"projects/proofbox-5f16e/locations/us-central1/functions/sendDueReminders"},"runtime":"nodejs20","buildId":"8c03c416-4981-4ab4-9b1f-6d6801f685fe","buildEnvironmentVariables":{"GOOGLE_NODE_RUN_SCRIPTS":""},"buildName":"projects/854756492452/locations/us-central1/builds/8c03c416-4981-4ab4-9b1f-6d6801f685fe","dockerRegistry":"ARTIFACT_REGISTRY","automaticUpdatePolicy":{},"buildServiceAccount":"projects/proofbox-5f16e/serviceAccounts/854756492452-compute@developer.gserviceaccount.com"},"versionId":"4","updateTime":"2025-09-14T20:49:47Z","buildId":"ed3e3a90-4c62-4303-bc2f-f6979e29035f","buildName":"projects/854756492452/locations/us-central1/builds/ed3e3a90-4c62-4303-bc2f-f6979e29035f"}}
[debug] [2025-09-14T20:49:53.345Z] <<< [apiv2][status] DELETE https://cloudscheduler.googleapis.com/v1/projects/proofbox-5f16e/locations/us-central1/jobs/firebase-schedule-sendDueReminders-europe-west1 404
[debug] [2025-09-14T20:49:53.345Z] <<< [apiv2][body] DELETE https://cloudscheduler.googleapis.com/v1/projects/proofbox-5f16e/locations/us-central1/jobs/firebase-schedule-sendDueReminders-europe-west1 {"error":{"code":404,"message":"Job not found.","status":"NOT_FOUND"}}
[error] Request to https://cloudscheduler.googleapis.com/v1/projects/proofbox-5f16e/locations/us-central1/jobs/firebase-schedule-sendDueReminders-europe-west1 had HTTP Error: 404, Job not found.
[debug] [2025-09-14T20:49:56.474Z] [update-default-us-central1-sendDueReminders] Retrying task index 0
[debug] [2025-09-14T20:49:56.475Z] Checked if tokens are valid: true, expires at: 1757884848675
[debug] [2025-09-14T20:49:56.475Z] Checked if tokens are valid: true, expires at: 1757884848675
[debug] [2025-09-14T20:49:56.475Z] >>> [apiv2][query] GET https://cloudfunctions.googleapis.com/v1/operations/cHJvb2Zib3gtNWYxNmUvdXMtY2VudHJhbDEvc2VuZER1ZVJlbWluZGVycy94SE9nb3FjdmNQNA [none]
[debug] [2025-09-14T20:49:56.653Z] <<< [apiv2][status] GET https://cloudfunctions.googleapis.com/v1/operations/cHJvb2Zib3gtNWYxNmUvdXMtY2VudHJhbDEvc2VuZER1ZVJlbWluZGVycy94SE9nb3FjdmNQNA 200
[debug] [2025-09-14T20:49:56.654Z] <<< [apiv2][body] GET https://cloudfunctions.googleapis.com/v1/operations/cHJvb2Zib3gtNWYxNmUvdXMtY2VudHJhbDEvc2VuZER1ZVJlbWluZGVycy94SE9nb3FjdmNQNA {"name":"operations/cHJvb2Zib3gtNWYxNmUvdXMtY2VudHJhbDEvc2VuZER1ZVJlbWluZGVycy94SE9nb3FjdmNQNA","metadata":{"@type":"type.googleapis.com/google.cloud.functions.v1.OperationMetadataV1","target":"projects/proofbox-5f16e/locations/us-central1/functions/sendDueReminders","type":"UPDATE_FUNCTION","request":{"@type":"type.googleapis.com/google.cloud.functions.v1.CloudFunction","name":"projects/proofbox-5f16e/locations/us-central1/functions/sendDueReminders","eventTrigger":{"eventType":"google.pubsub.topic.publish","resource":"projects/proofbox-5f16e/topics/firebase-schedule-sendDueReminders-us-central1","service":"pubsub.googleapis.com","failurePolicy":{}},"status":"OFFLINE","entryPoint":"sendDueReminders","updateTime":"2025-09-14T19:44:17.904Z","versionId":"3","labels":{"deployment-tool":"cli-firebase","deployment-scheduled":"true","firebase-functions-hash":"7616f04e9ef38a721684d88964d3b58b3b5b946a"},"sourceUploadUrl":"https://storage.googleapis.com/uploads-87004785998.us-central1.cloudfunctions.appspot.com/70919e16-c497-4612-aa1a-f55274a0153c.zip?GoogleAccessId=service-854756492452@gcf-admin-robot.iam.gserviceaccount.com&Expires=1757884707&Signature=k9S36mAKOMmHGDqukmVcRuNPXMfMnHqDrA0IIenTTtNzN07S2k1c1CoqocsYNGLQVRRAXEmD%2FQdidbmw33sBiB1YKIBTULu08ChJsyIjoRoNmNNTsmxvOxkPlukptXpI7eCHR5xudchvamfPzIGgZ%2F0wGA4l1G1TvxlbBRUpAX9eiUllYIyeJiiX1K2yNyH9gTdjexWJWvxpikkrDHl%2FihnQaXefFtyIoL7gAvqTuQ68It5mxcsukGaxg0lzf2nl9rUaFWTGjkff0Uuq%2BOapSXf1DOsFuQSq%2BgY4Pahmf3OiFbgu6hCoGdlvNUqrt4HcDFkp0gGaUI3luHz1nP97lg%3D%3D","environmentVariables":{"FIREBASE_CONFIG":"{\"projectId\":\"proofbox-5f16e\",\"storageBucket\":\"proofbox-5f16e.firebasestorage.app\"}","GCLOUD_PROJECT":"proofbox-5f16e","EVENTARC_CLOUD_EVENT_SOURCE":"projects/proofbox-5f16e/locations/us-central1/functions/sendDueReminders"},"runtime":"nodejs20","buildId":"8c03c416-4981-4ab4-9b1f-6d6801f685fe","buildEnvironmentVariables":{"GOOGLE_NODE_RUN_SCRIPTS":""},"buildName":"projects/854756492452/locations/us-central1/builds/8c03c416-4981-4ab4-9b1f-6d6801f685fe","dockerRegistry":"ARTIFACT_REGISTRY","automaticUpdatePolicy":{},"buildServiceAccount":"projects/proofbox-5f16e/serviceAccounts/854756492452-compute@developer.gserviceaccount.com"},"versionId":"4","updateTime":"2025-09-14T20:49:47Z","buildId":"ed3e3a90-4c62-4303-bc2f-f6979e29035f","buildName":"projects/854756492452/locations/us-central1/builds/ed3e3a90-4c62-4303-bc2f-f6979e29035f"}}
[debug] [2025-09-14T20:50:04.663Z] [update-default-us-central1-sendDueReminders] Retrying task index 0
[debug] [2025-09-14T20:50:04.664Z] Checked if tokens are valid: true, expires at: 1757884848675
[debug] [2025-09-14T20:50:04.664Z] Checked if tokens are valid: true, expires at: 1757884848675
[debug] [2025-09-14T20:50:04.665Z] >>> [apiv2][query] GET https://cloudfunctions.googleapis.com/v1/operations/cHJvb2Zib3gtNWYxNmUvdXMtY2VudHJhbDEvc2VuZER1ZVJlbWluZGVycy94SE9nb3FjdmNQNA [none]
[debug] [2025-09-14T20:50:04.882Z] <<< [apiv2][status] GET https://cloudfunctions.googleapis.com/v1/operations/cHJvb2Zib3gtNWYxNmUvdXMtY2VudHJhbDEvc2VuZER1ZVJlbWluZGVycy94SE9nb3FjdmNQNA 200
[debug] [2025-09-14T20:50:04.883Z] <<< [apiv2][body] GET https://cloudfunctions.googleapis.com/v1/operations/cHJvb2Zib3gtNWYxNmUvdXMtY2VudHJhbDEvc2VuZER1ZVJlbWluZGVycy94SE9nb3FjdmNQNA {"name":"operations/cHJvb2Zib3gtNWYxNmUvdXMtY2VudHJhbDEvc2VuZER1ZVJlbWluZGVycy94SE9nb3FjdmNQNA","metadata":{"@type":"type.googleapis.com/google.cloud.functions.v1.OperationMetadataV1","target":"projects/proofbox-5f16e/locations/us-central1/functions/sendDueReminders","type":"UPDATE_FUNCTION","request":{"@type":"type.googleapis.com/google.cloud.functions.v1.CloudFunction","name":"projects/proofbox-5f16e/locations/us-central1/functions/sendDueReminders","eventTrigger":{"eventType":"google.pubsub.topic.publish","resource":"projects/proofbox-5f16e/topics/firebase-schedule-sendDueReminders-us-central1","service":"pubsub.googleapis.com","failurePolicy":{}},"status":"OFFLINE","entryPoint":"sendDueReminders","updateTime":"2025-09-14T19:44:17.904Z","versionId":"3","labels":{"deployment-tool":"cli-firebase","deployment-scheduled":"true","firebase-functions-hash":"7616f04e9ef38a721684d88964d3b58b3b5b946a"},"sourceUploadUrl":"https://storage.googleapis.com/uploads-87004785998.us-central1.cloudfunctions.appspot.com/70919e16-c497-4612-aa1a-f55274a0153c.zip?GoogleAccessId=service-854756492452@gcf-admin-robot.iam.gserviceaccount.com&Expires=1757884707&Signature=k9S36mAKOMmHGDqukmVcRuNPXMfMnHqDrA0IIenTTtNzN07S2k1c1CoqocsYNGLQVRRAXEmD%2FQdidbmw33sBiB1YKIBTULu08ChJsyIjoRoNmNNTsmxvOxkPlukptXpI7eCHR5xudchvamfPzIGgZ%2F0wGA4l1G1TvxlbBRUpAX9eiUllYIyeJiiX1K2yNyH9gTdjexWJWvxpikkrDHl%2FihnQaXefFtyIoL7gAvqTuQ68It5mxcsukGaxg0lzf2nl9rUaFWTGjkff0Uuq%2BOapSXf1DOsFuQSq%2BgY4Pahmf3OiFbgu6hCoGdlvNUqrt4HcDFkp0gGaUI3luHz1nP97lg%3D%3D","environmentVariables":{"FIREBASE_CONFIG":"{\"projectId\":\"proofbox-5f16e\",\"storageBucket\":\"proofbox-5f16e.firebasestorage.app\"}","GCLOUD_PROJECT":"proofbox-5f16e","EVENTARC_CLOUD_EVENT_SOURCE":"projects/proofbox-5f16e/locations/us-central1/functions/sendDueReminders"},"runtime":"nodejs20","buildId":"8c03c416-4981-4ab4-9b1f-6d6801f685fe","buildEnvironmentVariables":{"GOOGLE_NODE_RUN_SCRIPTS":""},"buildName":"projects/854756492452/locations/us-central1/builds/8c03c416-4981-4ab4-9b1f-6d6801f685fe","dockerRegistry":"ARTIFACT_REGISTRY","automaticUpdatePolicy":{},"buildServiceAccount":"projects/proofbox-5f16e/serviceAccounts/854756492452-compute@developer.gserviceaccount.com"},"versionId":"4","updateTime":"2025-09-14T20:49:47Z","buildId":"ed3e3a90-4c62-4303-bc2f-f6979e29035f","buildName":"projects/854756492452/locations/us-central1/builds/ed3e3a90-4c62-4303-bc2f-f6979e29035f"}}
[debug] [2025-09-14T20:50:14.887Z] [update-default-us-central1-sendDueReminders] Retrying task index 0
[debug] [2025-09-14T20:50:14.888Z] Checked if tokens are valid: true, expires at: 1757884848675
[debug] [2025-09-14T20:50:14.888Z] Checked if tokens are valid: true, expires at: 1757884848675
[debug] [2025-09-14T20:50:14.888Z] >>> [apiv2][query] GET https://cloudfunctions.googleapis.com/v1/operations/cHJvb2Zib3gtNWYxNmUvdXMtY2VudHJhbDEvc2VuZER1ZVJlbWluZGVycy94SE9nb3FjdmNQNA [none]
[debug] [2025-09-14T20:50:15.117Z] <<< [apiv2][status] GET https://cloudfunctions.googleapis.com/v1/operations/cHJvb2Zib3gtNWYxNmUvdXMtY2VudHJhbDEvc2VuZER1ZVJlbWluZGVycy94SE9nb3FjdmNQNA 200
[debug] [2025-09-14T20:50:15.117Z] <<< [apiv2][body] GET https://cloudfunctions.googleapis.com/v1/operations/cHJvb2Zib3gtNWYxNmUvdXMtY2VudHJhbDEvc2VuZER1ZVJlbWluZGVycy94SE9nb3FjdmNQNA {"name":"operations/cHJvb2Zib3gtNWYxNmUvdXMtY2VudHJhbDEvc2VuZER1ZVJlbWluZGVycy94SE9nb3FjdmNQNA","metadata":{"@type":"type.googleapis.com/google.cloud.functions.v1.OperationMetadataV1","target":"projects/proofbox-5f16e/locations/us-central1/functions/sendDueReminders","type":"UPDATE_FUNCTION","request":{"@type":"type.googleapis.com/google.cloud.functions.v1.CloudFunction","name":"projects/proofbox-5f16e/locations/us-central1/functions/sendDueReminders","eventTrigger":{"eventType":"google.pubsub.topic.publish","resource":"projects/proofbox-5f16e/topics/firebase-schedule-sendDueReminders-us-central1","service":"pubsub.googleapis.com","failurePolicy":{}},"status":"OFFLINE","entryPoint":"sendDueReminders","updateTime":"2025-09-14T19:44:17.904Z","versionId":"3","labels":{"deployment-tool":"cli-firebase","deployment-scheduled":"true","firebase-functions-hash":"7616f04e9ef38a721684d88964d3b58b3b5b946a"},"sourceUploadUrl":"https://storage.googleapis.com/uploads-87004785998.us-central1.cloudfunctions.appspot.com/70919e16-c497-4612-aa1a-f55274a0153c.zip?GoogleAccessId=service-854756492452@gcf-admin-robot.iam.gserviceaccount.com&Expires=1757884707&Signature=k9S36mAKOMmHGDqukmVcRuNPXMfMnHqDrA0IIenTTtNzN07S2k1c1CoqocsYNGLQVRRAXEmD%2FQdidbmw33sBiB1YKIBTULu08ChJsyIjoRoNmNNTsmxvOxkPlukptXpI7eCHR5xudchvamfPzIGgZ%2F0wGA4l1G1TvxlbBRUpAX9eiUllYIyeJiiX1K2yNyH9gTdjexWJWvxpikkrDHl%2FihnQaXefFtyIoL7gAvqTuQ68It5mxcsukGaxg0lzf2nl9rUaFWTGjkff0Uuq%2BOapSXf1DOsFuQSq%2BgY4Pahmf3OiFbgu6hCoGdlvNUqrt4HcDFkp0gGaUI3luHz1nP97lg%3D%3D","environmentVariables":{"FIREBASE_CONFIG":"{\"projectId\":\"proofbox-5f16e\",\"storageBucket\":\"proofbox-5f16e.firebasestorage.app\"}","GCLOUD_PROJECT":"proofbox-5f16e","EVENTARC_CLOUD_EVENT_SOURCE":"projects/proofbox-5f16e/locations/us-central1/functions/sendDueReminders"},"runtime":"nodejs20","buildId":"8c03c416-4981-4ab4-9b1f-6d6801f685fe","buildEnvironmentVariables":{"GOOGLE_NODE_RUN_SCRIPTS":""},"buildName":"projects/854756492452/locations/us-central1/builds/8c03c416-4981-4ab4-9b1f-6d6801f685fe","dockerRegistry":"ARTIFACT_REGISTRY","automaticUpdatePolicy":{},"buildServiceAccount":"projects/proofbox-5f16e/serviceAccounts/854756492452-compute@developer.gserviceaccount.com"},"versionId":"4","updateTime":"2025-09-14T20:50:06Z","buildId":"ed3e3a90-4c62-4303-bc2f-f6979e29035f","buildName":"projects/854756492452/locations/us-central1/builds/ed3e3a90-4c62-4303-bc2f-f6979e29035f"},"done":true,"error":{"code":13,"message":"Build failed: Build error details not available.Please check the logs at https://console.cloud.google.com/cloud-build/builds;region=us-central1/ed3e3a90-4c62-4303-bc2f-f6979e29035f?project=854756492452. Please visit https://cloud.google.com/functions/docs/troubleshooting#build for in-depth troubleshooting documentation for build related errors."}}
[debug] [2025-09-14T20:50:15.117Z] Got source token undefined for region us-central1
[error] Build failed: Build error details not available.Please check the logs at https://console.cloud.google.com/cloud-build/builds;region=us-central1/ed3e3a90-4c62-4303-bc2f-f6979e29035f?project=854756492452. Please visit https://cloud.google.com/functions/docs/troubleshooting#build for in-depth troubleshooting documentation for build related errors.
[debug] [2025-09-14T20:50:15.119Z] Total Function Deployment time: 28020
[debug] [2025-09-14T20:50:15.119Z] 2 Functions Deployed
[debug] [2025-09-14T20:50:15.119Z] 2 Functions Errored
[debug] [2025-09-14T20:50:15.119Z] 0 Function Deployments Aborted
[debug] [2025-09-14T20:50:15.119Z] Average Function Deployment time: 17132.5
[info] 
[info] Functions deploy had errors with the following functions:
	sendDueReminders(europe-west1)
	sendDueReminders(us-central1)
[debug] [2025-09-14T20:50:15.120Z] Checked if tokens are valid: true, expires at: 1757884848675
[debug] [2025-09-14T20:50:15.120Z] Checked if tokens are valid: true, expires at: 1757884848675
[debug] [2025-09-14T20:50:15.121Z] >>> [apiv2][query] GET https://artifactregistry.googleapis.com/v1/projects/proofbox-5f16e/locations/us-central1/repositories/gcf-artifacts [none]
[debug] [2025-09-14T20:50:15.896Z] <<< [apiv2][status] GET https://artifactregistry.googleapis.com/v1/projects/proofbox-5f16e/locations/us-central1/repositories/gcf-artifacts 200
[debug] [2025-09-14T20:50:15.896Z] <<< [apiv2][body] GET https://artifactregistry.googleapis.com/v1/projects/proofbox-5f16e/locations/us-central1/repositories/gcf-artifacts {"name":"projects/proofbox-5f16e/locations/us-central1/repositories/gcf-artifacts","format":"DOCKER","description":"This repository is created and used by Cloud Functions for storing function docker images.","labels":{"goog-managed-by":"cloudfunctions"},"createTime":"2025-09-14T19:44:03.846697Z","updateTime":"2025-09-14T19:45:28.401351Z","mode":"STANDARD_REPOSITORY","cleanupPolicies":{"firebase-functions-cleanup":{"id":"firebase-functions-cleanup","action":"DELETE","condition":{"tagState":"ANY","olderThan":"2592000s"}}},"vulnerabilityScanningConfig":{"lastEnableTime":"2025-09-14T19:43:55.200190027Z","enablementState":"SCANNING_DISABLED","enablementStateReason":"API containerscanning.googleapis.com is not enabled."},"satisfiesPzi":true,"registryUri":"us-central1-docker.pkg.dev/proofbox-5f16e/gcf-artifacts"}
[debug] [2025-09-14T20:50:15.897Z] Functions deploy failed.
[debug] [2025-09-14T20:50:15.897Z] {
  "endpoint": {
    "platform": "gcfv1",
    "id": "sendDueReminders",
    "project": "proofbox-5f16e",
    "region": "europe-west1",
    "scheduleTrigger": {},
    "entryPoint": "sendDueReminders",
    "runtime": "nodejs20",
    "maxInstances": 3000,
    "ingressSettings": "ALLOW_ALL",
    "labels": {
      "deployment-scheduled": "true",
      "firebase-functions-hash": "fd82d2221883480a3166dd7fdba69a44a492fae3",
      "deployment-tool": "cli-firebase"
    },
    "environmentVariables": {
      "FIREBASE_CONFIG": "{\"projectId\":\"proofbox-5f16e\",\"storageBucket\":\"proofbox-5f16e.firebasestorage.app\"}",
      "GCLOUD_PROJECT": "proofbox-5f16e",
      "EVENTARC_CLOUD_EVENT_SOURCE": "projects/proofbox-5f16e/locations/europe-west1/functions/sendDueReminders"
    },
    "sourceUploadUrl": "https://storage.googleapis.com/uploads-762971119087.europe-west1.cloudfunctions.appspot.com/5de6f9ec-520c-40f0-baa6-45d0599c24af.zip",
    "serviceAccount": "proofbox-5f16e@appspot.gserviceaccount.com",
    "availableMemoryMb": 256,
    "timeoutSeconds": 60,
    "codebase": "default",
    "hash": "fd82d2221883480a3166dd7fdba69a44a492fae3",
    "state": "FAILED"
  },
  "op": "delete schedule",
  "original": {
    "name": "FirebaseError",
    "children": [],
    "context": {
      "body": {
        "error": {
          "code": 404,
          "message": "Job not found.",
          "status": "NOT_FOUND"
        }
      },
      "response": {
        "statusCode": 404
      }
    },
    "exit": 1,
    "message": "Request to https://cloudscheduler.googleapis.com/v1/projects/proofbox-5f16e/locations/us-central1/jobs/firebase-schedule-sendDueReminders-europe-west1 had HTTP Error: 404, Job not found.",
    "status": 404,
    "code": 404
  }
}
[debug] [2025-09-14T20:50:15.897Z] {
  "endpoint": {
    "id": "sendDueReminders",
    "project": "proofbox-5f16e",
    "region": "us-central1",
    "entryPoint": "sendDueReminders",
    "platform": "gcfv1",
    "runtime": "nodejs20",
    "scheduleTrigger": {
      "schedule": "every 1 minutes",
      "timeZone": "Europe/Paris",
      "retryConfig": {
        "maxBackoffSeconds": null,
        "minBackoffSeconds": null,
        "maxRetrySeconds": null,
        "retryCount": null,
        "maxDoublings": null
      }
    },
    "labels": {
      "deployment-tool": "cli-firebase"
    },
    "serviceAccount": null,
    "ingressSettings": null,
    "availableMemoryMb": null,
    "timeoutSeconds": null,
    "maxInstances": null,
    "minInstances": null,
    "vpc": null,
    "environmentVariables": {
      "FIREBASE_CONFIG": "{\"projectId\":\"proofbox-5f16e\",\"storageBucket\":\"proofbox-5f16e.firebasestorage.app\"}",
      "GCLOUD_PROJECT": "proofbox-5f16e",
      "EVENTARC_CLOUD_EVENT_SOURCE": "projects/proofbox-5f16e/locations/us-central1/functions/sendDueReminders"
    },
    "codebase": "default",
    "securityLevel": "SECURE_ALWAYS",
    "targetedByOnly": false,
    "hash": "7616f04e9ef38a721684d88964d3b58b3b5b946a"
  },
  "op": "update",
  "original": {
    "name": "FirebaseError",
    "children": [],
    "exit": 1,
    "message": "Build failed: Build error details not available.Please check the logs at https://console.cloud.google.com/cloud-build/builds;region=us-central1/ed3e3a90-4c62-4303-bc2f-f6979e29035f?project=854756492452. Please visit https://cloud.google.com/functions/docs/troubleshooting#build for in-depth troubleshooting documentation for build related errors.",
    "original": {
      "code": 13,
      "message": "Build failed: Build error details not available.Please check the logs at https://console.cloud.google.com/cloud-build/builds;region=us-central1/ed3e3a90-4c62-4303-bc2f-f6979e29035f?project=854756492452. Please visit https://cloud.google.com/functions/docs/troubleshooting#build for in-depth troubleshooting documentation for build related errors."
    },
    "status": 13,
    "code": 13
  }
}
[error] Error: There was an error deploying functions:
[error] - Error Failed to delete schedule function sendDueReminders in region europe-west1
[error] - Error Failed to update function sendDueReminders in region us-central1
[debug] [2025-09-14T20:52:27.831Z] ----------------------------------------------------------------------
[debug] [2025-09-14T20:52:27.833Z] Command:       C:\Program Files\nodejs\node.exe C:\Users\conta\AppData\Roaming\npm\node_modules\firebase-tools\lib\bin\firebase.js deploy --only functions --project proofbox-5f16e
[debug] [2025-09-14T20:52:27.833Z] CLI Version:   14.12.0
[debug] [2025-09-14T20:52:27.834Z] Platform:      win32
[debug] [2025-09-14T20:52:27.834Z] Node Version:  v22.15.0
[debug] [2025-09-14T20:52:27.834Z] Time:          Sun Sep 14 2025 22:52:27 GMT+0200 (heure d’été d’Europe centrale)
[debug] [2025-09-14T20:52:27.834Z] ----------------------------------------------------------------------
[debug] 
[debug] [2025-09-14T20:52:27.989Z] > command requires scopes: ["email","openid","https://www.googleapis.com/auth/cloudplatformprojects.readonly","https://www.googleapis.com/auth/firebase","https://www.googleapis.com/auth/cloud-platform"]
[debug] [2025-09-14T20:52:27.989Z] > authorizing via signed-in user (contact@javachrist.fr)
[debug] [2025-09-14T20:52:27.989Z] [iam] checking project proofbox-5f16e for permissions ["cloudfunctions.functions.create","cloudfunctions.functions.delete","cloudfunctions.functions.get","cloudfunctions.functions.list","cloudfunctions.functions.update","cloudfunctions.operations.get","firebase.projects.get"]
[debug] [2025-09-14T20:52:27.990Z] Checked if tokens are valid: true, expires at: 1757884848675
[debug] [2025-09-14T20:52:27.990Z] Checked if tokens are valid: true, expires at: 1757884848675
[debug] [2025-09-14T20:52:27.991Z] >>> [apiv2][query] POST https://cloudresourcemanager.googleapis.com/v1/projects/proofbox-5f16e:testIamPermissions [none]
[debug] [2025-09-14T20:52:27.991Z] >>> [apiv2][(partial)header] POST https://cloudresourcemanager.googleapis.com/v1/projects/proofbox-5f16e:testIamPermissions x-goog-quota-user=projects/proofbox-5f16e
[debug] [2025-09-14T20:52:27.991Z] >>> [apiv2][body] POST https://cloudresourcemanager.googleapis.com/v1/projects/proofbox-5f16e:testIamPermissions {"permissions":["cloudfunctions.functions.create","cloudfunctions.functions.delete","cloudfunctions.functions.get","cloudfunctions.functions.list","cloudfunctions.functions.update","cloudfunctions.operations.get","firebase.projects.get"]}
[debug] [2025-09-14T20:52:28.742Z] <<< [apiv2][status] POST https://cloudresourcemanager.googleapis.com/v1/projects/proofbox-5f16e:testIamPermissions 200
[debug] [2025-09-14T20:52:28.742Z] <<< [apiv2][body] POST https://cloudresourcemanager.googleapis.com/v1/projects/proofbox-5f16e:testIamPermissions {"permissions":["cloudfunctions.functions.create","cloudfunctions.functions.delete","cloudfunctions.functions.get","cloudfunctions.functions.list","cloudfunctions.functions.update","cloudfunctions.operations.get","firebase.projects.get"]}
[debug] [2025-09-14T20:52:28.742Z] Checked if tokens are valid: true, expires at: 1757884848675
[debug] [2025-09-14T20:52:28.742Z] Checked if tokens are valid: true, expires at: 1757884848675
[debug] [2025-09-14T20:52:28.743Z] >>> [apiv2][query] POST https://iam.googleapis.com/v1/projects/proofbox-5f16e/serviceAccounts/proofbox-5f16e@appspot.gserviceaccount.com:testIamPermissions [none]
[debug] [2025-09-14T20:52:28.743Z] >>> [apiv2][body] POST https://iam.googleapis.com/v1/projects/proofbox-5f16e/serviceAccounts/proofbox-5f16e@appspot.gserviceaccount.com:testIamPermissions {"permissions":["iam.serviceAccounts.actAs"]}
[debug] [2025-09-14T20:52:29.470Z] <<< [apiv2][status] POST https://iam.googleapis.com/v1/projects/proofbox-5f16e/serviceAccounts/proofbox-5f16e@appspot.gserviceaccount.com:testIamPermissions 200
[debug] [2025-09-14T20:52:29.470Z] <<< [apiv2][body] POST https://iam.googleapis.com/v1/projects/proofbox-5f16e/serviceAccounts/proofbox-5f16e@appspot.gserviceaccount.com:testIamPermissions {"permissions":["iam.serviceAccounts.actAs"]}
[info] 
[info] === Deploying to 'proofbox-5f16e'...
[info] 
[info] i  deploying functions 
[debug] [2025-09-14T20:52:29.474Z] Checked if tokens are valid: true, expires at: 1757884848675
[debug] [2025-09-14T20:52:29.474Z] Checked if tokens are valid: true, expires at: 1757884848675
[debug] [2025-09-14T20:52:29.475Z] >>> [apiv2][query] GET https://cloudresourcemanager.googleapis.com/v1/projects/proofbox-5f16e [none]
[debug] [2025-09-14T20:52:29.678Z] <<< [apiv2][status] GET https://cloudresourcemanager.googleapis.com/v1/projects/proofbox-5f16e 200
[debug] [2025-09-14T20:52:29.678Z] <<< [apiv2][body] GET https://cloudresourcemanager.googleapis.com/v1/projects/proofbox-5f16e {"projectNumber":"854756492452","projectId":"proofbox-5f16e","lifecycleState":"ACTIVE","name":"ProofBox","labels":{"firebase":"enabled","firebase-core":"disabled"},"createTime":"2025-08-15T02:20:12.357684Z","parent":{"type":"organization","id":"294271354232"}}
[info] i  functions: preparing codebase default for deployment 
[info] i  functions: ensuring required API cloudfunctions.googleapis.com is enabled... 
[info] i  functions: ensuring required API cloudbuild.googleapis.com is enabled... 
[info] i  artifactregistry: ensuring required API artifactregistry.googleapis.com is enabled... 
[debug] [2025-09-14T20:52:29.682Z] Checked if tokens are valid: true, expires at: 1757884848675
[debug] [2025-09-14T20:52:29.682Z] Checked if tokens are valid: true, expires at: 1757884848675
[debug] [2025-09-14T20:52:29.682Z] >>> [apiv2][query] GET https://firebase.googleapis.com/v1beta1/projects/proofbox-5f16e/adminSdkConfig [none]
[debug] [2025-09-14T20:52:30.193Z] <<< [apiv2][status] GET https://firebase.googleapis.com/v1beta1/projects/proofbox-5f16e/adminSdkConfig 200
[debug] [2025-09-14T20:52:30.193Z] <<< [apiv2][body] GET https://firebase.googleapis.com/v1beta1/projects/proofbox-5f16e/adminSdkConfig {"projectId":"proofbox-5f16e","storageBucket":"proofbox-5f16e.firebasestorage.app"}
[debug] [2025-09-14T20:52:30.193Z] Checked if tokens are valid: true, expires at: 1757884848675
[debug] [2025-09-14T20:52:30.193Z] Checked if tokens are valid: true, expires at: 1757884848675
[debug] [2025-09-14T20:52:30.194Z] >>> [apiv2][query] GET https://runtimeconfig.googleapis.com/v1beta1/projects/proofbox-5f16e/configs [none]
[debug] [2025-09-14T20:52:30.460Z] <<< [apiv2][status] GET https://runtimeconfig.googleapis.com/v1beta1/projects/proofbox-5f16e/configs 200
[debug] [2025-09-14T20:52:30.460Z] <<< [apiv2][body] GET https://runtimeconfig.googleapis.com/v1beta1/projects/proofbox-5f16e/configs {}
[debug] [2025-09-14T20:52:30.462Z] Validating nodejs source
[warn] !  functions: package.json indicates an outdated version of firebase-functions. Please upgrade using npm install --save firebase-functions@latest in your functions directory. 
[warn] !  functions: Please note that there will be breaking changes when you upgrade. 
[debug] [2025-09-14T20:52:31.122Z] > [functions] package.json contents: {
  "name": "proofbox-functions",
  "private": true,
  "engines": {
    "node": "20"
  },
  "type": "module",
  "main": "lib/index.js",
  "scripts": {
    "build": "tsc -p .",
    "deploy": "firebase deploy --only functions",
    "serve": "firebase emulators:start --only functions"
  },
  "dependencies": {
    "firebase-admin": "^12.5.0",
    "firebase-functions": "^5.1.0"
  },
  "devDependencies": {
    "typescript": "^5.5.4"
  }
}
[debug] [2025-09-14T20:52:31.122Z] Building nodejs source
[info] i  functions: Loading and analyzing source code for codebase default to determine what to deploy 
[debug] [2025-09-14T20:52:31.122Z] Could not find functions.yaml. Must use http discovery
[debug] [2025-09-14T20:52:31.129Z] Found firebase-functions binary at 'C:\Users\conta\Desktop\ProofBox\functions\node_modules\.bin\firebase-functions'
[info] Serving at port 8157

[debug] [2025-09-14T20:52:31.827Z] Got response from /__/functions.yaml {"endpoints":{"sendDueRemindersV1":{"platform":"gcfv1","availableMemoryMb":null,"timeoutSeconds":null,"minInstances":null,"maxInstances":null,"ingressSettings":null,"serviceAccountEmail":null,"vpc":null,"region":["us-central1"],"scheduleTrigger":{"schedule":"every 1 minutes","retryConfig":{"retryCount":null,"maxDoublings":null,"maxRetryDuration":null,"maxBackoffDuration":null,"minBackoffDuration":null},"timeZone":"Europe/Paris"},"labels":{},"entryPoint":"sendDueRemindersV1"}},"specVersion":"v1alpha1","requiredAPIs":[{"api":"cloudscheduler.googleapis.com","reason":"Needed for scheduled functions."}],"extensions":{}}
[info] i  extensions: ensuring required API firebaseextensions.googleapis.com is enabled... 
[debug] [2025-09-14T20:52:35.856Z] > command requires scopes: ["email","openid","https://www.googleapis.com/auth/cloudplatformprojects.readonly","https://www.googleapis.com/auth/firebase","https://www.googleapis.com/auth/cloud-platform"]
[debug] [2025-09-14T20:52:35.856Z] > authorizing via signed-in user (contact@javachrist.fr)
[debug] [2025-09-14T20:52:35.856Z] [iam] checking project proofbox-5f16e for permissions ["firebase.projects.get","firebaseextensions.instances.list"]
[debug] [2025-09-14T20:52:35.856Z] Checked if tokens are valid: true, expires at: 1757884848675
[debug] [2025-09-14T20:52:35.856Z] Checked if tokens are valid: true, expires at: 1757884848675
[debug] [2025-09-14T20:52:35.856Z] >>> [apiv2][query] POST https://cloudresourcemanager.googleapis.com/v1/projects/proofbox-5f16e:testIamPermissions [none]
[debug] [2025-09-14T20:52:35.856Z] >>> [apiv2][(partial)header] POST https://cloudresourcemanager.googleapis.com/v1/projects/proofbox-5f16e:testIamPermissions x-goog-quota-user=projects/proofbox-5f16e
[debug] [2025-09-14T20:52:35.856Z] >>> [apiv2][body] POST https://cloudresourcemanager.googleapis.com/v1/projects/proofbox-5f16e:testIamPermissions {"permissions":["firebase.projects.get","firebaseextensions.instances.list"]}
[debug] [2025-09-14T20:52:36.483Z] <<< [apiv2][status] POST https://cloudresourcemanager.googleapis.com/v1/projects/proofbox-5f16e:testIamPermissions 200
[debug] [2025-09-14T20:52:36.484Z] <<< [apiv2][body] POST https://cloudresourcemanager.googleapis.com/v1/projects/proofbox-5f16e:testIamPermissions {"permissions":["firebase.projects.get","firebaseextensions.instances.list"]}
[debug] [2025-09-14T20:52:36.484Z] Checked if tokens are valid: true, expires at: 1757884848675
[debug] [2025-09-14T20:52:36.484Z] Checked if tokens are valid: true, expires at: 1757884848675
[debug] [2025-09-14T20:52:36.484Z] >>> [apiv2][query] GET https://firebaseextensions.googleapis.com/v1beta/projects/proofbox-5f16e/instances pageSize=100&pageToken=
[debug] [2025-09-14T20:52:37.254Z] <<< [apiv2][status] GET https://firebaseextensions.googleapis.com/v1beta/projects/proofbox-5f16e/instances 200
[debug] [2025-09-14T20:52:37.254Z] <<< [apiv2][body] GET https://firebaseextensions.googleapis.com/v1beta/projects/proofbox-5f16e/instances {}
[info] i  functions: preparing functions directory for uploading... 
[info] i  functions: packaged C:\Users\conta\Desktop\ProofBox\functions (32.17 KB) for uploading 
[debug] [2025-09-14T20:52:37.296Z] Checked if tokens are valid: true, expires at: 1757884848675
[debug] [2025-09-14T20:52:37.296Z] Checked if tokens are valid: true, expires at: 1757884848675
[debug] [2025-09-14T20:52:37.296Z] >>> [apiv2][query] GET https://cloudfunctions.googleapis.com/v1/projects/proofbox-5f16e/locations/-/functions [none]
[debug] [2025-09-14T20:52:38.173Z] <<< [apiv2][status] GET https://cloudfunctions.googleapis.com/v1/projects/proofbox-5f16e/locations/-/functions 200
[debug] [2025-09-14T20:52:38.174Z] <<< [apiv2][body] GET https://cloudfunctions.googleapis.com/v1/projects/proofbox-5f16e/locations/-/functions {"functions":[{"name":"projects/proofbox-5f16e/locations/europe-west1/functions/sendDueReminders","eventTrigger":{"eventType":"google.pubsub.topic.publish","resource":"projects/proofbox-5f16e/topics/firebase-schedule-sendDueReminders-europe-west1","service":"pubsub.googleapis.com","failurePolicy":{}},"status":"OFFLINE","entryPoint":"sendDueReminders","timeout":"60s","availableMemoryMb":256,"serviceAccountEmail":"proofbox-5f16e@appspot.gserviceaccount.com","updateTime":"2025-09-14T20:15:10.247245459Z","versionId":"1","labels":{"deployment-tool":"cli-firebase","deployment-scheduled":"true","firebase-functions-hash":"fd82d2221883480a3166dd7fdba69a44a492fae3"},"sourceUploadUrl":"https://storage.googleapis.com/uploads-762971119087.europe-west1.cloudfunctions.appspot.com/5de6f9ec-520c-40f0-baa6-45d0599c24af.zip","environmentVariables":{"FIREBASE_CONFIG":"{\"projectId\":\"proofbox-5f16e\",\"storageBucket\":\"proofbox-5f16e.firebasestorage.app\"}","GCLOUD_PROJECT":"proofbox-5f16e","EVENTARC_CLOUD_EVENT_SOURCE":"projects/proofbox-5f16e/locations/europe-west1/functions/sendDueReminders"},"runtime":"nodejs20","maxInstances":3000,"ingressSettings":"ALLOW_ALL","buildId":"37407372-97a7-4d16-ac9f-21ffe3464e9e","buildEnvironmentVariables":{"GOOGLE_NODE_RUN_SCRIPTS":""},"buildName":"projects/854756492452/locations/europe-west1/builds/37407372-97a7-4d16-ac9f-21ffe3464e9e","dockerRegistry":"ARTIFACT_REGISTRY","automaticUpdatePolicy":{},"buildServiceAccount":"projects/proofbox-5f16e/serviceAccounts/854756492452-compute@developer.gserviceaccount.com","satisfiesPzi":true},{"name":"projects/proofbox-5f16e/locations/us-central1/functions/sendDueReminders","eventTrigger":{"eventType":"google.pubsub.topic.publish","resource":"projects/proofbox-5f16e/topics/firebase-schedule-sendDueReminders-us-central1","service":"pubsub.googleapis.com","failurePolicy":{}},"status":"OFFLINE","entryPoint":"sendDueReminders","timeout":"60s","availableMemoryMb":256,"serviceAccountEmail":"proofbox-5f16e@appspot.gserviceaccount.com","updateTime":"2025-09-14T19:44:20.178899578Z","versionId":"4","labels":{"deployment-scheduled":"true","firebase-functions-hash":"7616f04e9ef38a721684d88964d3b58b3b5b946a","deployment-tool":"cli-firebase"},"sourceUploadUrl":"https://storage.googleapis.com/uploads-87004785998.us-central1.cloudfunctions.appspot.com/70919e16-c497-4612-aa1a-f55274a0153c.zip","environmentVariables":{"FIREBASE_CONFIG":"{\"projectId\":\"proofbox-5f16e\",\"storageBucket\":\"proofbox-5f16e.firebasestorage.app\"}","GCLOUD_PROJECT":"proofbox-5f16e","EVENTARC_CLOUD_EVENT_SOURCE":"projects/proofbox-5f16e/locations/us-central1/functions/sendDueReminders"},"runtime":"nodejs20","maxInstances":3000,"ingressSettings":"ALLOW_ALL","buildId":"ed3e3a90-4c62-4303-bc2f-f6979e29035f","buildEnvironmentVariables":{"GOOGLE_NODE_RUN_SCRIPTS":""},"buildName":"projects/854756492452/locations/us-central1/builds/ed3e3a90-4c62-4303-bc2f-f6979e29035f","dockerRegistry":"ARTIFACT_REGISTRY","automaticUpdatePolicy":{},"buildServiceAccount":"projects/proofbox-5f16e/serviceAccounts/854756492452-compute@developer.gserviceaccount.com","satisfiesPzi":true}]}
[debug] [2025-09-14T20:52:38.175Z] Checked if tokens are valid: true, expires at: 1757884848675
[debug] [2025-09-14T20:52:38.175Z] Checked if tokens are valid: true, expires at: 1757884848675
[debug] [2025-09-14T20:52:38.176Z] >>> [apiv2][query] GET https://cloudfunctions.googleapis.com/v2/projects/proofbox-5f16e/locations/-/functions filter=environment%3D%22GEN_2%22
[debug] [2025-09-14T20:52:39.097Z] <<< [apiv2][status] GET https://cloudfunctions.googleapis.com/v2/projects/proofbox-5f16e/locations/-/functions 200
[debug] [2025-09-14T20:52:39.097Z] <<< [apiv2][body] GET https://cloudfunctions.googleapis.com/v2/projects/proofbox-5f16e/locations/-/functions {}
[info] i  functions: ensuring required API cloudscheduler.googleapis.com is enabled... 
[debug] [2025-09-14T20:52:39.103Z] Checked if tokens are valid: true, expires at: 1757884848675
[debug] [2025-09-14T20:52:39.104Z] Checked if tokens are valid: true, expires at: 1757884848675
[debug] [2025-09-14T20:52:39.104Z] >>> [apiv2][query] GET https://cloudresourcemanager.googleapis.com/v1/projects/proofbox-5f16e [none]
[debug] [2025-09-14T20:52:39.291Z] <<< [apiv2][status] GET https://cloudresourcemanager.googleapis.com/v1/projects/proofbox-5f16e 200
[debug] [2025-09-14T20:52:39.291Z] <<< [apiv2][body] GET https://cloudresourcemanager.googleapis.com/v1/projects/proofbox-5f16e {"projectNumber":"854756492452","projectId":"proofbox-5f16e","lifecycleState":"ACTIVE","name":"ProofBox","labels":{"firebase":"enabled","firebase-core":"disabled"},"createTime":"2025-08-15T02:20:12.357684Z","parent":{"type":"organization","id":"294271354232"}}
[debug] [2025-09-14T20:52:39.293Z] Checked if tokens are valid: true, expires at: 1757884848675
[debug] [2025-09-14T20:52:39.293Z] Checked if tokens are valid: true, expires at: 1757884848675
[debug] [2025-09-14T20:52:39.293Z] >>> [apiv2][query] GET https://cloudbilling.googleapis.com/v1/projects/proofbox-5f16e/billingInfo [none]
[debug] [2025-09-14T20:52:39.991Z] <<< [apiv2][status] GET https://cloudbilling.googleapis.com/v1/projects/proofbox-5f16e/billingInfo 200
[debug] [2025-09-14T20:52:39.992Z] <<< [apiv2][body] GET https://cloudbilling.googleapis.com/v1/projects/proofbox-5f16e/billingInfo {"name":"projects/proofbox-5f16e/billingInfo","projectId":"proofbox-5f16e","billingAccountName":"billingAccounts/0145E2-FCEB42-80B9A6","billingEnabled":true}
[debug] [2025-09-14T20:52:39.992Z] Checked if tokens are valid: true, expires at: 1757884848675
[debug] [2025-09-14T20:52:39.993Z] Checked if tokens are valid: true, expires at: 1757884848675
[debug] [2025-09-14T20:52:39.993Z] >>> [apiv2][query] POST https://cloudfunctions.googleapis.com/v1/projects/proofbox-5f16e/locations/us-central1/functions:generateUploadUrl [none]
[debug] [2025-09-14T20:52:39.993Z] >>> [apiv2][body] POST https://cloudfunctions.googleapis.com/v1/projects/proofbox-5f16e/locations/us-central1/functions:generateUploadUrl {}
[debug] [2025-09-14T20:52:40.601Z] <<< [apiv2][status] POST https://cloudfunctions.googleapis.com/v1/projects/proofbox-5f16e/locations/us-central1/functions:generateUploadUrl 200
[debug] [2025-09-14T20:52:40.601Z] <<< [apiv2][body] POST https://cloudfunctions.googleapis.com/v1/projects/proofbox-5f16e/locations/us-central1/functions:generateUploadUrl {"uploadUrl":"https://storage.googleapis.com/uploads-87004785998.us-central1.cloudfunctions.appspot.com/98a3c538-6495-4abc-b567-529065acc515.zip?GoogleAccessId=service-854756492452@gcf-admin-robot.iam.gserviceaccount.com&Expires=1757884960&Signature=MdSbvvgIPM1cQHl%2Bs6CcJNjc5LqafpHVB6hi0BskeJeggN%2FQ2YjC1qVti4m2OOiQd8k%2FDorcmJEMjQZhcaGdBGC%2FI6dL2BrKoYUAqqYautPD8IUTolW5lpn2NphN6BXUmyRL4WEGxmmf6vCTnvvVJpSHMFG4Xdb63p0parNfTDp5qc3SgI2rxzuC3pDJgum%2Bp3nORLSMRJq5QZhHiNeUftd9cSzbY5yxgCt7lmWi2T%2F91PXXvfoX9%2FPpx9bczbruhRfcMbfXx%2FBlj52uRo6eW%2FlpiDyn0YvsKRe84hKQMUuhwBssVy0tdNuydO4deXDriEafIapNHby9hRXkxdUvew%3D%3D"}
[debug] [2025-09-14T20:52:40.602Z] >>> [apiv2][query] PUT https://storage.googleapis.com/uploads-87004785998.us-central1.cloudfunctions.appspot.com/98a3c538-6495-4abc-b567-529065acc515.zip GoogleAccessId=service-854756492452%40gcf-admin-robot.iam.gserviceaccount.com&Expires=1757884960&Signature=MdSbvvgIPM1cQHl%2Bs6CcJNjc5LqafpHVB6hi0BskeJeggN%2FQ2YjC1qVti4m2OOiQd8k%2FDorcmJEMjQZhcaGdBGC%2FI6dL2BrKoYUAqqYautPD8IUTolW5lpn2NphN6BXUmyRL4WEGxmmf6vCTnvvVJpSHMFG4Xdb63p0parNfTDp5qc3SgI2rxzuC3pDJgum%2Bp3nORLSMRJq5QZhHiNeUftd9cSzbY5yxgCt7lmWi2T%2F91PXXvfoX9%2FPpx9bczbruhRfcMbfXx%2FBlj52uRo6eW%2FlpiDyn0YvsKRe84hKQMUuhwBssVy0tdNuydO4deXDriEafIapNHby9hRXkxdUvew%3D%3D
[debug] [2025-09-14T20:52:40.602Z] >>> [apiv2][body] PUT https://storage.googleapis.com/uploads-87004785998.us-central1.cloudfunctions.appspot.com/98a3c538-6495-4abc-b567-529065acc515.zip [stream]
[debug] [2025-09-14T20:52:41.033Z] <<< [apiv2][status] PUT https://storage.googleapis.com/uploads-87004785998.us-central1.cloudfunctions.appspot.com/98a3c538-6495-4abc-b567-529065acc515.zip 200
[debug] [2025-09-14T20:52:41.033Z] <<< [apiv2][body] PUT https://storage.googleapis.com/uploads-87004785998.us-central1.cloudfunctions.appspot.com/98a3c538-6495-4abc-b567-529065acc515.zip [omitted]
[info] +  functions: functions folder uploaded successfully 
[info] 
The following functions are found in your project but do not exist in your local source code:
	sendDueReminders(europe-west1)
	sendDueReminders(us-central1)

If you are renaming a function or changing its region, it is recommended that you create the new function first before deleting the old one to prevent event loss. For more info, visit https://firebase.google.com/docs/functions/manage-functions#modify

[info] i  functions: creating Node.js 20 (1st Gen) function sendDueRemindersV1(us-central1)... 
[debug] [2025-09-14T20:52:44.568Z] Checked if tokens are valid: true, expires at: 1757884848675
[debug] [2025-09-14T20:52:44.569Z] Checked if tokens are valid: true, expires at: 1757884848675
[info] i  functions: deleting Node.js 20 (1st Gen) function sendDueReminders(us-central1)... 
[debug] [2025-09-14T20:52:44.569Z] Checked if tokens are valid: true, expires at: 1757884848675
[debug] [2025-09-14T20:52:44.569Z] Checked if tokens are valid: true, expires at: 1757884848675
[info] i  functions: deleting Node.js 20 (1st Gen) function sendDueReminders(europe-west1)... 
[debug] [2025-09-14T20:52:44.569Z] Checked if tokens are valid: true, expires at: 1757884848675
[debug] [2025-09-14T20:52:44.569Z] Checked if tokens are valid: true, expires at: 1757884848675
[debug] [2025-09-14T20:52:44.569Z] >>> [apiv2][query] POST https://cloudfunctions.googleapis.com/v1/projects/proofbox-5f16e/locations/us-central1/functions [none]
[debug] [2025-09-14T20:52:44.569Z] >>> [apiv2][body] POST https://cloudfunctions.googleapis.com/v1/projects/proofbox-5f16e/locations/us-central1/functions {"name":"projects/proofbox-5f16e/locations/us-central1/functions/sendDueRemindersV1","sourceUploadUrl":"https://storage.googleapis.com/uploads-87004785998.us-central1.cloudfunctions.appspot.com/98a3c538-6495-4abc-b567-529065acc515.zip?GoogleAccessId=service-854756492452@gcf-admin-robot.iam.gserviceaccount.com&Expires=1757884960&Signature=MdSbvvgIPM1cQHl%2Bs6CcJNjc5LqafpHVB6hi0BskeJeggN%2FQ2YjC1qVti4m2OOiQd8k%2FDorcmJEMjQZhcaGdBGC%2FI6dL2BrKoYUAqqYautPD8IUTolW5lpn2NphN6BXUmyRL4WEGxmmf6vCTnvvVJpSHMFG4Xdb63p0parNfTDp5qc3SgI2rxzuC3pDJgum%2Bp3nORLSMRJq5QZhHiNeUftd9cSzbY5yxgCt7lmWi2T%2F91PXXvfoX9%2FPpx9bczbruhRfcMbfXx%2FBlj52uRo6eW%2FlpiDyn0YvsKRe84hKQMUuhwBssVy0tdNuydO4deXDriEafIapNHby9hRXkxdUvew%3D%3D","entryPoint":"sendDueRemindersV1","runtime":"nodejs20","dockerRegistry":"ARTIFACT_REGISTRY","labels":{"deployment-tool":"cli-firebase","deployment-scheduled":"true","firebase-functions-hash":"ca91c03223326cc109033ab6f5f4d0fa74e2e09b"},"eventTrigger":{"eventType":"google.pubsub.topic.publish","resource":"projects/proofbox-5f16e/topics/firebase-schedule-sendDueRemindersV1-us-central1"},"minInstances":null,"maxInstances":null,"ingressSettings":null,"environmentVariables":{"FIREBASE_CONFIG":"{\"projectId\":\"proofbox-5f16e\",\"storageBucket\":\"proofbox-5f16e.firebasestorage.app\"}","GCLOUD_PROJECT":"proofbox-5f16e","EVENTARC_CLOUD_EVENT_SOURCE":"projects/proofbox-5f16e/locations/us-central1/functions/sendDueRemindersV1"},"serviceAccountEmail":null,"availableMemoryMb":null,"timeout":null,"vpcConnector":null,"vpcConnectorEgressSettings":null,"buildEnvironmentVariables":{"GOOGLE_NODE_RUN_SCRIPTS":""}}
[debug] [2025-09-14T20:52:44.570Z] >>> [apiv2][query] DELETE https://cloudscheduler.googleapis.com/v1/projects/proofbox-5f16e/locations/us-central1/jobs/firebase-schedule-sendDueReminders-us-central1 [none]
[debug] [2025-09-14T20:52:44.571Z] >>> [apiv2][query] DELETE https://cloudscheduler.googleapis.com/v1/projects/proofbox-5f16e/locations/us-central1/jobs/firebase-schedule-sendDueReminders-europe-west1 [none]
[debug] [2025-09-14T20:52:45.311Z] <<< [apiv2][status] POST https://cloudfunctions.googleapis.com/v1/projects/proofbox-5f16e/locations/us-central1/functions 200
[debug] [2025-09-14T20:52:45.312Z] <<< [apiv2][body] POST https://cloudfunctions.googleapis.com/v1/projects/proofbox-5f16e/locations/us-central1/functions {"name":"operations/cHJvamVjdHMvcHJvb2Zib3gtNWYxNmUvbG9jYXRpb25zL3VzLWNlbnRyYWwxL29wZXJhdGlvbnMvb3BlcmF0aW9uLTE3NTc4ODMxNjQzNzEtNjNlYzkxMTkxYWJmZC02Y2E1NzE4Zi00NzQ1ODExYw","metadata":{"@type":"type.googleapis.com/google.cloud.functions.v1.OperationMetadataV1","target":"projects/proofbox-5f16e/locations/us-central1/functions/sendDueRemindersV1","updateTime":"2025-09-14T20:52:44.823695853Z"}}
[debug] [2025-09-14T20:52:45.313Z] Checked if tokens are valid: true, expires at: 1757884848675
[debug] [2025-09-14T20:52:45.313Z] Checked if tokens are valid: true, expires at: 1757884848675
[debug] [2025-09-14T20:52:45.314Z] >>> [apiv2][query] GET https://cloudfunctions.googleapis.com/v1/operations/cHJvamVjdHMvcHJvb2Zib3gtNWYxNmUvbG9jYXRpb25zL3VzLWNlbnRyYWwxL29wZXJhdGlvbnMvb3BlcmF0aW9uLTE3NTc4ODMxNjQzNzEtNjNlYzkxMTkxYWJmZC02Y2E1NzE4Zi00NzQ1ODExYw [none]
[debug] [2025-09-14T20:52:45.521Z] <<< [apiv2][status] GET https://cloudfunctions.googleapis.com/v1/operations/cHJvamVjdHMvcHJvb2Zib3gtNWYxNmUvbG9jYXRpb25zL3VzLWNlbnRyYWwxL29wZXJhdGlvbnMvb3BlcmF0aW9uLTE3NTc4ODMxNjQzNzEtNjNlYzkxMTkxYWJmZC02Y2E1NzE4Zi00NzQ1ODExYw 200
[debug] [2025-09-14T20:52:45.521Z] <<< [apiv2][body] GET https://cloudfunctions.googleapis.com/v1/operations/cHJvamVjdHMvcHJvb2Zib3gtNWYxNmUvbG9jYXRpb25zL3VzLWNlbnRyYWwxL29wZXJhdGlvbnMvb3BlcmF0aW9uLTE3NTc4ODMxNjQzNzEtNjNlYzkxMTkxYWJmZC02Y2E1NzE4Zi00NzQ1ODExYw {"name":"operations/cHJvamVjdHMvcHJvb2Zib3gtNWYxNmUvbG9jYXRpb25zL3VzLWNlbnRyYWwxL29wZXJhdGlvbnMvb3BlcmF0aW9uLTE3NTc4ODMxNjQzNzEtNjNlYzkxMTkxYWJmZC02Y2E1NzE4Zi00NzQ1ODExYw","metadata":{"@type":"type.googleapis.com/google.cloud.functions.v1.OperationMetadataV1","target":"projects/proofbox-5f16e/locations/us-central1/functions/sendDueRemindersV1","updateTime":"2025-09-14T20:52:44.823695853Z"}}
[debug] [2025-09-14T20:52:46.025Z] [create-default-us-central1-sendDueRemindersV1] Retrying task index 0
[debug] [2025-09-14T20:52:46.026Z] Checked if tokens are valid: true, expires at: 1757884848675
[debug] [2025-09-14T20:52:46.027Z] Checked if tokens are valid: true, expires at: 1757884848675
[debug] [2025-09-14T20:52:46.027Z] >>> [apiv2][query] GET https://cloudfunctions.googleapis.com/v1/operations/cHJvamVjdHMvcHJvb2Zib3gtNWYxNmUvbG9jYXRpb25zL3VzLWNlbnRyYWwxL29wZXJhdGlvbnMvb3BlcmF0aW9uLTE3NTc4ODMxNjQzNzEtNjNlYzkxMTkxYWJmZC02Y2E1NzE4Zi00NzQ1ODExYw [none]
[debug] [2025-09-14T20:52:46.228Z] <<< [apiv2][status] GET https://cloudfunctions.googleapis.com/v1/operations/cHJvamVjdHMvcHJvb2Zib3gtNWYxNmUvbG9jYXRpb25zL3VzLWNlbnRyYWwxL29wZXJhdGlvbnMvb3BlcmF0aW9uLTE3NTc4ODMxNjQzNzEtNjNlYzkxMTkxYWJmZC02Y2E1NzE4Zi00NzQ1ODExYw 200
[debug] [2025-09-14T20:52:46.228Z] <<< [apiv2][body] GET https://cloudfunctions.googleapis.com/v1/operations/cHJvamVjdHMvcHJvb2Zib3gtNWYxNmUvbG9jYXRpb25zL3VzLWNlbnRyYWwxL29wZXJhdGlvbnMvb3BlcmF0aW9uLTE3NTc4ODMxNjQzNzEtNjNlYzkxMTkxYWJmZC02Y2E1NzE4Zi00NzQ1ODExYw {"name":"operations/cHJvamVjdHMvcHJvb2Zib3gtNWYxNmUvbG9jYXRpb25zL3VzLWNlbnRyYWwxL29wZXJhdGlvbnMvb3BlcmF0aW9uLTE3NTc4ODMxNjQzNzEtNjNlYzkxMTkxYWJmZC02Y2E1NzE4Zi00NzQ1ODExYw","metadata":{"@type":"type.googleapis.com/google.cloud.functions.v1.OperationMetadataV1","target":"projects/proofbox-5f16e/locations/us-central1/functions/sendDueRemindersV1","type":"CREATE_FUNCTION","request":{"@type":"type.googleapis.com/google.cloud.functions.v1.CloudFunction","name":"projects/proofbox-5f16e/locations/us-central1/functions/sendDueRemindersV1","eventTrigger":{"eventType":"google.pubsub.topic.publish","resource":"projects/proofbox-5f16e/topics/firebase-schedule-sendDueRemindersV1-us-central1","failurePolicy":{}},"entryPoint":"sendDueRemindersV1","updateTime":"1970-01-01T00:00:00Z","labels":{"deployment-tool":"cli-firebase","deployment-scheduled":"true","firebase-functions-hash":"ca91c03223326cc109033ab6f5f4d0fa74e2e09b"},"sourceUploadUrl":"https://storage.googleapis.com/uploads-87004785998.us-central1.cloudfunctions.appspot.com/98a3c538-6495-4abc-b567-529065acc515.zip?GoogleAccessId=service-854756492452@gcf-admin-robot.iam.gserviceaccount.com&Expires=1757884960&Signature=MdSbvvgIPM1cQHl%2Bs6CcJNjc5LqafpHVB6hi0BskeJeggN%2FQ2YjC1qVti4m2OOiQd8k%2FDorcmJEMjQZhcaGdBGC%2FI6dL2BrKoYUAqqYautPD8IUTolW5lpn2NphN6BXUmyRL4WEGxmmf6vCTnvvVJpSHMFG4Xdb63p0parNfTDp5qc3SgI2rxzuC3pDJgum%2Bp3nORLSMRJq5QZhHiNeUftd9cSzbY5yxgCt7lmWi2T%2F91PXXvfoX9%2FPpx9bczbruhRfcMbfXx%2FBlj52uRo6eW%2FlpiDyn0YvsKRe84hKQMUuhwBssVy0tdNuydO4deXDriEafIapNHby9hRXkxdUvew%3D%3D","environmentVariables":{"FIREBASE_CONFIG":"{\"projectId\":\"proofbox-5f16e\",\"storageBucket\":\"proofbox-5f16e.firebasestorage.app\"}","GCLOUD_PROJECT":"proofbox-5f16e","EVENTARC_CLOUD_EVENT_SOURCE":"projects/proofbox-5f16e/locations/us-central1/functions/sendDueRemindersV1"},"runtime":"nodejs20","buildEnvironmentVariables":{"GOOGLE_NODE_RUN_SCRIPTS":""},"dockerRegistry":"ARTIFACT_REGISTRY"},"versionId":"1","updateTime":"2025-09-14T20:52:44.823695853Z"}}
[debug] [2025-09-14T20:52:47.175Z] <<< [apiv2][status] DELETE https://cloudscheduler.googleapis.com/v1/projects/proofbox-5f16e/locations/us-central1/jobs/firebase-schedule-sendDueReminders-us-central1 404
[debug] [2025-09-14T20:52:47.175Z] <<< [apiv2][body] DELETE https://cloudscheduler.googleapis.com/v1/projects/proofbox-5f16e/locations/us-central1/jobs/firebase-schedule-sendDueReminders-us-central1 {"error":{"code":404,"message":"Job not found.","status":"NOT_FOUND"}}
[error] Request to https://cloudscheduler.googleapis.com/v1/projects/proofbox-5f16e/locations/us-central1/jobs/firebase-schedule-sendDueReminders-us-central1 had HTTP Error: 404, Job not found.
[debug] [2025-09-14T20:52:47.234Z] [create-default-us-central1-sendDueRemindersV1] Retrying task index 0
[debug] [2025-09-14T20:52:47.235Z] Checked if tokens are valid: true, expires at: 1757884848675
[debug] [2025-09-14T20:52:47.235Z] Checked if tokens are valid: true, expires at: 1757884848675
[debug] [2025-09-14T20:52:47.235Z] >>> [apiv2][query] GET https://cloudfunctions.googleapis.com/v1/operations/cHJvamVjdHMvcHJvb2Zib3gtNWYxNmUvbG9jYXRpb25zL3VzLWNlbnRyYWwxL29wZXJhdGlvbnMvb3BlcmF0aW9uLTE3NTc4ODMxNjQzNzEtNjNlYzkxMTkxYWJmZC02Y2E1NzE4Zi00NzQ1ODExYw [none]
[debug] [2025-09-14T20:52:47.665Z] <<< [apiv2][status] GET https://cloudfunctions.googleapis.com/v1/operations/cHJvamVjdHMvcHJvb2Zib3gtNWYxNmUvbG9jYXRpb25zL3VzLWNlbnRyYWwxL29wZXJhdGlvbnMvb3BlcmF0aW9uLTE3NTc4ODMxNjQzNzEtNjNlYzkxMTkxYWJmZC02Y2E1NzE4Zi00NzQ1ODExYw 200
[debug] [2025-09-14T20:52:47.665Z] <<< [apiv2][body] GET https://cloudfunctions.googleapis.com/v1/operations/cHJvamVjdHMvcHJvb2Zib3gtNWYxNmUvbG9jYXRpb25zL3VzLWNlbnRyYWwxL29wZXJhdGlvbnMvb3BlcmF0aW9uLTE3NTc4ODMxNjQzNzEtNjNlYzkxMTkxYWJmZC02Y2E1NzE4Zi00NzQ1ODExYw {"name":"operations/cHJvamVjdHMvcHJvb2Zib3gtNWYxNmUvbG9jYXRpb25zL3VzLWNlbnRyYWwxL29wZXJhdGlvbnMvb3BlcmF0aW9uLTE3NTc4ODMxNjQzNzEtNjNlYzkxMTkxYWJmZC02Y2E1NzE4Zi00NzQ1ODExYw","metadata":{"@type":"type.googleapis.com/google.cloud.functions.v1.OperationMetadataV1","target":"projects/proofbox-5f16e/locations/us-central1/functions/sendDueRemindersV1","type":"CREATE_FUNCTION","request":{"@type":"type.googleapis.com/google.cloud.functions.v1.CloudFunction","name":"projects/proofbox-5f16e/locations/us-central1/functions/sendDueRemindersV1","eventTrigger":{"eventType":"google.pubsub.topic.publish","resource":"projects/proofbox-5f16e/topics/firebase-schedule-sendDueRemindersV1-us-central1","failurePolicy":{}},"entryPoint":"sendDueRemindersV1","updateTime":"1970-01-01T00:00:00Z","labels":{"deployment-tool":"cli-firebase","deployment-scheduled":"true","firebase-functions-hash":"ca91c03223326cc109033ab6f5f4d0fa74e2e09b"},"sourceUploadUrl":"https://storage.googleapis.com/uploads-87004785998.us-central1.cloudfunctions.appspot.com/98a3c538-6495-4abc-b567-529065acc515.zip?GoogleAccessId=service-854756492452@gcf-admin-robot.iam.gserviceaccount.com&Expires=1757884960&Signature=MdSbvvgIPM1cQHl%2Bs6CcJNjc5LqafpHVB6hi0BskeJeggN%2FQ2YjC1qVti4m2OOiQd8k%2FDorcmJEMjQZhcaGdBGC%2FI6dL2BrKoYUAqqYautPD8IUTolW5lpn2NphN6BXUmyRL4WEGxmmf6vCTnvvVJpSHMFG4Xdb63p0parNfTDp5qc3SgI2rxzuC3pDJgum%2Bp3nORLSMRJq5QZhHiNeUftd9cSzbY5yxgCt7lmWi2T%2F91PXXvfoX9%2FPpx9bczbruhRfcMbfXx%2FBlj52uRo6eW%2FlpiDyn0YvsKRe84hKQMUuhwBssVy0tdNuydO4deXDriEafIapNHby9hRXkxdUvew%3D%3D","environmentVariables":{"FIREBASE_CONFIG":"{\"projectId\":\"proofbox-5f16e\",\"storageBucket\":\"proofbox-5f16e.firebasestorage.app\"}","GCLOUD_PROJECT":"proofbox-5f16e","EVENTARC_CLOUD_EVENT_SOURCE":"projects/proofbox-5f16e/locations/us-central1/functions/sendDueRemindersV1"},"runtime":"nodejs20","buildEnvironmentVariables":{"GOOGLE_NODE_RUN_SCRIPTS":""},"dockerRegistry":"ARTIFACT_REGISTRY"},"versionId":"1","updateTime":"2025-09-14T20:52:44.823695853Z"}}
[debug] [2025-09-14T20:52:49.640Z] <<< [apiv2][status] DELETE https://cloudscheduler.googleapis.com/v1/projects/proofbox-5f16e/locations/us-central1/jobs/firebase-schedule-sendDueReminders-europe-west1 404
[debug] [2025-09-14T20:52:49.641Z] <<< [apiv2][body] DELETE https://cloudscheduler.googleapis.com/v1/projects/proofbox-5f16e/locations/us-central1/jobs/firebase-schedule-sendDueReminders-europe-west1 {"error":{"code":404,"message":"Job not found.","status":"NOT_FOUND"}}
[error] Request to https://cloudscheduler.googleapis.com/v1/projects/proofbox-5f16e/locations/us-central1/jobs/firebase-schedule-sendDueReminders-europe-west1 had HTTP Error: 404, Job not found.
[debug] [2025-09-14T20:52:49.670Z] [create-default-us-central1-sendDueRemindersV1] Retrying task index 0
[debug] [2025-09-14T20:52:49.671Z] Checked if tokens are valid: true, expires at: 1757884848675
[debug] [2025-09-14T20:52:49.671Z] Checked if tokens are valid: true, expires at: 1757884848675
[debug] [2025-09-14T20:52:49.671Z] >>> [apiv2][query] GET https://cloudfunctions.googleapis.com/v1/operations/cHJvamVjdHMvcHJvb2Zib3gtNWYxNmUvbG9jYXRpb25zL3VzLWNlbnRyYWwxL29wZXJhdGlvbnMvb3BlcmF0aW9uLTE3NTc4ODMxNjQzNzEtNjNlYzkxMTkxYWJmZC02Y2E1NzE4Zi00NzQ1ODExYw [none]
[debug] [2025-09-14T20:52:49.867Z] <<< [apiv2][status] GET https://cloudfunctions.googleapis.com/v1/operations/cHJvamVjdHMvcHJvb2Zib3gtNWYxNmUvbG9jYXRpb25zL3VzLWNlbnRyYWwxL29wZXJhdGlvbnMvb3BlcmF0aW9uLTE3NTc4ODMxNjQzNzEtNjNlYzkxMTkxYWJmZC02Y2E1NzE4Zi00NzQ1ODExYw 200
[debug] [2025-09-14T20:52:49.868Z] <<< [apiv2][body] GET https://cloudfunctions.googleapis.com/v1/operations/cHJvamVjdHMvcHJvb2Zib3gtNWYxNmUvbG9jYXRpb25zL3VzLWNlbnRyYWwxL29wZXJhdGlvbnMvb3BlcmF0aW9uLTE3NTc4ODMxNjQzNzEtNjNlYzkxMTkxYWJmZC02Y2E1NzE4Zi00NzQ1ODExYw {"name":"operations/cHJvamVjdHMvcHJvb2Zib3gtNWYxNmUvbG9jYXRpb25zL3VzLWNlbnRyYWwxL29wZXJhdGlvbnMvb3BlcmF0aW9uLTE3NTc4ODMxNjQzNzEtNjNlYzkxMTkxYWJmZC02Y2E1NzE4Zi00NzQ1ODExYw","metadata":{"@type":"type.googleapis.com/google.cloud.functions.v1.OperationMetadataV1","target":"projects/proofbox-5f16e/locations/us-central1/functions/sendDueRemindersV1","type":"CREATE_FUNCTION","request":{"@type":"type.googleapis.com/google.cloud.functions.v1.CloudFunction","name":"projects/proofbox-5f16e/locations/us-central1/functions/sendDueRemindersV1","eventTrigger":{"eventType":"google.pubsub.topic.publish","resource":"projects/proofbox-5f16e/topics/firebase-schedule-sendDueRemindersV1-us-central1","failurePolicy":{}},"entryPoint":"sendDueRemindersV1","updateTime":"1970-01-01T00:00:00Z","labels":{"deployment-tool":"cli-firebase","deployment-scheduled":"true","firebase-functions-hash":"ca91c03223326cc109033ab6f5f4d0fa74e2e09b"},"sourceUploadUrl":"https://storage.googleapis.com/uploads-87004785998.us-central1.cloudfunctions.appspot.com/98a3c538-6495-4abc-b567-529065acc515.zip?GoogleAccessId=service-854756492452@gcf-admin-robot.iam.gserviceaccount.com&Expires=1757884960&Signature=MdSbvvgIPM1cQHl%2Bs6CcJNjc5LqafpHVB6hi0BskeJeggN%2FQ2YjC1qVti4m2OOiQd8k%2FDorcmJEMjQZhcaGdBGC%2FI6dL2BrKoYUAqqYautPD8IUTolW5lpn2NphN6BXUmyRL4WEGxmmf6vCTnvvVJpSHMFG4Xdb63p0parNfTDp5qc3SgI2rxzuC3pDJgum%2Bp3nORLSMRJq5QZhHiNeUftd9cSzbY5yxgCt7lmWi2T%2F91PXXvfoX9%2FPpx9bczbruhRfcMbfXx%2FBlj52uRo6eW%2FlpiDyn0YvsKRe84hKQMUuhwBssVy0tdNuydO4deXDriEafIapNHby9hRXkxdUvew%3D%3D","environmentVariables":{"FIREBASE_CONFIG":"{\"projectId\":\"proofbox-5f16e\",\"storageBucket\":\"proofbox-5f16e.firebasestorage.app\"}","GCLOUD_PROJECT":"proofbox-5f16e","EVENTARC_CLOUD_EVENT_SOURCE":"projects/proofbox-5f16e/locations/us-central1/functions/sendDueRemindersV1"},"runtime":"nodejs20","buildEnvironmentVariables":{"GOOGLE_NODE_RUN_SCRIPTS":""},"dockerRegistry":"ARTIFACT_REGISTRY"},"versionId":"1","updateTime":"2025-09-14T20:52:44.823695853Z","buildId":"6135f6ce-2704-48b3-834f-6ce54c365c3e","buildName":"projects/854756492452/locations/us-central1/builds/6135f6ce-2704-48b3-834f-6ce54c365c3e"}}
[debug] [2025-09-14T20:52:53.877Z] [create-default-us-central1-sendDueRemindersV1] Retrying task index 0
[debug] [2025-09-14T20:52:53.877Z] Checked if tokens are valid: true, expires at: 1757884848675
[debug] [2025-09-14T20:52:53.877Z] Checked if tokens are valid: true, expires at: 1757884848675
[debug] [2025-09-14T20:52:53.878Z] >>> [apiv2][query] GET https://cloudfunctions.googleapis.com/v1/operations/cHJvamVjdHMvcHJvb2Zib3gtNWYxNmUvbG9jYXRpb25zL3VzLWNlbnRyYWwxL29wZXJhdGlvbnMvb3BlcmF0aW9uLTE3NTc4ODMxNjQzNzEtNjNlYzkxMTkxYWJmZC02Y2E1NzE4Zi00NzQ1ODExYw [none]
[debug] [2025-09-14T20:52:54.057Z] <<< [apiv2][status] GET https://cloudfunctions.googleapis.com/v1/operations/cHJvamVjdHMvcHJvb2Zib3gtNWYxNmUvbG9jYXRpb25zL3VzLWNlbnRyYWwxL29wZXJhdGlvbnMvb3BlcmF0aW9uLTE3NTc4ODMxNjQzNzEtNjNlYzkxMTkxYWJmZC02Y2E1NzE4Zi00NzQ1ODExYw 200
[debug] [2025-09-14T20:52:54.058Z] <<< [apiv2][body] GET https://cloudfunctions.googleapis.com/v1/operations/cHJvamVjdHMvcHJvb2Zib3gtNWYxNmUvbG9jYXRpb25zL3VzLWNlbnRyYWwxL29wZXJhdGlvbnMvb3BlcmF0aW9uLTE3NTc4ODMxNjQzNzEtNjNlYzkxMTkxYWJmZC02Y2E1NzE4Zi00NzQ1ODExYw {"name":"operations/cHJvamVjdHMvcHJvb2Zib3gtNWYxNmUvbG9jYXRpb25zL3VzLWNlbnRyYWwxL29wZXJhdGlvbnMvb3BlcmF0aW9uLTE3NTc4ODMxNjQzNzEtNjNlYzkxMTkxYWJmZC02Y2E1NzE4Zi00NzQ1ODExYw","metadata":{"@type":"type.googleapis.com/google.cloud.functions.v1.OperationMetadataV1","target":"projects/proofbox-5f16e/locations/us-central1/functions/sendDueRemindersV1","type":"CREATE_FUNCTION","request":{"@type":"type.googleapis.com/google.cloud.functions.v1.CloudFunction","name":"projects/proofbox-5f16e/locations/us-central1/functions/sendDueRemindersV1","eventTrigger":{"eventType":"google.pubsub.topic.publish","resource":"projects/proofbox-5f16e/topics/firebase-schedule-sendDueRemindersV1-us-central1","failurePolicy":{}},"entryPoint":"sendDueRemindersV1","updateTime":"1970-01-01T00:00:00Z","labels":{"deployment-tool":"cli-firebase","deployment-scheduled":"true","firebase-functions-hash":"ca91c03223326cc109033ab6f5f4d0fa74e2e09b"},"sourceUploadUrl":"https://storage.googleapis.com/uploads-87004785998.us-central1.cloudfunctions.appspot.com/98a3c538-6495-4abc-b567-529065acc515.zip?GoogleAccessId=service-854756492452@gcf-admin-robot.iam.gserviceaccount.com&Expires=1757884960&Signature=MdSbvvgIPM1cQHl%2Bs6CcJNjc5LqafpHVB6hi0BskeJeggN%2FQ2YjC1qVti4m2OOiQd8k%2FDorcmJEMjQZhcaGdBGC%2FI6dL2BrKoYUAqqYautPD8IUTolW5lpn2NphN6BXUmyRL4WEGxmmf6vCTnvvVJpSHMFG4Xdb63p0parNfTDp5qc3SgI2rxzuC3pDJgum%2Bp3nORLSMRJq5QZhHiNeUftd9cSzbY5yxgCt7lmWi2T%2F91PXXvfoX9%2FPpx9bczbruhRfcMbfXx%2FBlj52uRo6eW%2FlpiDyn0YvsKRe84hKQMUuhwBssVy0tdNuydO4deXDriEafIapNHby9hRXkxdUvew%3D%3D","environmentVariables":{"FIREBASE_CONFIG":"{\"projectId\":\"proofbox-5f16e\",\"storageBucket\":\"proofbox-5f16e.firebasestorage.app\"}","GCLOUD_PROJECT":"proofbox-5f16e","EVENTARC_CLOUD_EVENT_SOURCE":"projects/proofbox-5f16e/locations/us-central1/functions/sendDueRemindersV1"},"runtime":"nodejs20","buildEnvironmentVariables":{"GOOGLE_NODE_RUN_SCRIPTS":""},"dockerRegistry":"ARTIFACT_REGISTRY"},"versionId":"1","updateTime":"2025-09-14T20:52:44.823695853Z","buildId":"6135f6ce-2704-48b3-834f-6ce54c365c3e","buildName":"projects/854756492452/locations/us-central1/builds/6135f6ce-2704-48b3-834f-6ce54c365c3e"}}
[debug] [2025-09-14T20:53:02.066Z] [create-default-us-central1-sendDueRemindersV1] Retrying task index 0
[debug] [2025-09-14T20:53:02.066Z] Checked if tokens are valid: true, expires at: 1757884848675
[debug] [2025-09-14T20:53:02.066Z] Checked if tokens are valid: true, expires at: 1757884848675
[debug] [2025-09-14T20:53:02.066Z] >>> [apiv2][query] GET https://cloudfunctions.googleapis.com/v1/operations/cHJvamVjdHMvcHJvb2Zib3gtNWYxNmUvbG9jYXRpb25zL3VzLWNlbnRyYWwxL29wZXJhdGlvbnMvb3BlcmF0aW9uLTE3NTc4ODMxNjQzNzEtNjNlYzkxMTkxYWJmZC02Y2E1NzE4Zi00NzQ1ODExYw [none]
[debug] [2025-09-14T20:53:02.290Z] <<< [apiv2][status] GET https://cloudfunctions.googleapis.com/v1/operations/cHJvamVjdHMvcHJvb2Zib3gtNWYxNmUvbG9jYXRpb25zL3VzLWNlbnRyYWwxL29wZXJhdGlvbnMvb3BlcmF0aW9uLTE3NTc4ODMxNjQzNzEtNjNlYzkxMTkxYWJmZC02Y2E1NzE4Zi00NzQ1ODExYw 200
[debug] [2025-09-14T20:53:02.290Z] <<< [apiv2][body] GET https://cloudfunctions.googleapis.com/v1/operations/cHJvamVjdHMvcHJvb2Zib3gtNWYxNmUvbG9jYXRpb25zL3VzLWNlbnRyYWwxL29wZXJhdGlvbnMvb3BlcmF0aW9uLTE3NTc4ODMxNjQzNzEtNjNlYzkxMTkxYWJmZC02Y2E1NzE4Zi00NzQ1ODExYw {"name":"operations/cHJvamVjdHMvcHJvb2Zib3gtNWYxNmUvbG9jYXRpb25zL3VzLWNlbnRyYWwxL29wZXJhdGlvbnMvb3BlcmF0aW9uLTE3NTc4ODMxNjQzNzEtNjNlYzkxMTkxYWJmZC02Y2E1NzE4Zi00NzQ1ODExYw","metadata":{"@type":"type.googleapis.com/google.cloud.functions.v1.OperationMetadataV1","target":"projects/proofbox-5f16e/locations/us-central1/functions/sendDueRemindersV1","type":"CREATE_FUNCTION","request":{"@type":"type.googleapis.com/google.cloud.functions.v1.CloudFunction","name":"projects/proofbox-5f16e/locations/us-central1/functions/sendDueRemindersV1","eventTrigger":{"eventType":"google.pubsub.topic.publish","resource":"projects/proofbox-5f16e/topics/firebase-schedule-sendDueRemindersV1-us-central1","failurePolicy":{}},"entryPoint":"sendDueRemindersV1","updateTime":"1970-01-01T00:00:00Z","labels":{"deployment-tool":"cli-firebase","deployment-scheduled":"true","firebase-functions-hash":"ca91c03223326cc109033ab6f5f4d0fa74e2e09b"},"sourceUploadUrl":"https://storage.googleapis.com/uploads-87004785998.us-central1.cloudfunctions.appspot.com/98a3c538-6495-4abc-b567-529065acc515.zip?GoogleAccessId=service-854756492452@gcf-admin-robot.iam.gserviceaccount.com&Expires=1757884960&Signature=MdSbvvgIPM1cQHl%2Bs6CcJNjc5LqafpHVB6hi0BskeJeggN%2FQ2YjC1qVti4m2OOiQd8k%2FDorcmJEMjQZhcaGdBGC%2FI6dL2BrKoYUAqqYautPD8IUTolW5lpn2NphN6BXUmyRL4WEGxmmf6vCTnvvVJpSHMFG4Xdb63p0parNfTDp5qc3SgI2rxzuC3pDJgum%2Bp3nORLSMRJq5QZhHiNeUftd9cSzbY5yxgCt7lmWi2T%2F91PXXvfoX9%2FPpx9bczbruhRfcMbfXx%2FBlj52uRo6eW%2FlpiDyn0YvsKRe84hKQMUuhwBssVy0tdNuydO4deXDriEafIapNHby9hRXkxdUvew%3D%3D","environmentVariables":{"FIREBASE_CONFIG":"{\"projectId\":\"proofbox-5f16e\",\"storageBucket\":\"proofbox-5f16e.firebasestorage.app\"}","GCLOUD_PROJECT":"proofbox-5f16e","EVENTARC_CLOUD_EVENT_SOURCE":"projects/proofbox-5f16e/locations/us-central1/functions/sendDueRemindersV1"},"runtime":"nodejs20","buildEnvironmentVariables":{"GOOGLE_NODE_RUN_SCRIPTS":""},"dockerRegistry":"ARTIFACT_REGISTRY"},"versionId":"1","updateTime":"2025-09-14T20:52:44.823695853Z","buildId":"6135f6ce-2704-48b3-834f-6ce54c365c3e","buildName":"projects/854756492452/locations/us-central1/builds/6135f6ce-2704-48b3-834f-6ce54c365c3e"}}
[debug] [2025-09-14T20:53:12.302Z] [create-default-us-central1-sendDueRemindersV1] Retrying task index 0
[debug] [2025-09-14T20:53:12.302Z] Checked if tokens are valid: true, expires at: 1757884848675
[debug] [2025-09-14T20:53:12.303Z] Checked if tokens are valid: true, expires at: 1757884848675
[debug] [2025-09-14T20:53:12.303Z] >>> [apiv2][query] GET https://cloudfunctions.googleapis.com/v1/operations/cHJvamVjdHMvcHJvb2Zib3gtNWYxNmUvbG9jYXRpb25zL3VzLWNlbnRyYWwxL29wZXJhdGlvbnMvb3BlcmF0aW9uLTE3NTc4ODMxNjQzNzEtNjNlYzkxMTkxYWJmZC02Y2E1NzE4Zi00NzQ1ODExYw [none]
[debug] [2025-09-14T20:53:12.520Z] <<< [apiv2][status] GET https://cloudfunctions.googleapis.com/v1/operations/cHJvamVjdHMvcHJvb2Zib3gtNWYxNmUvbG9jYXRpb25zL3VzLWNlbnRyYWwxL29wZXJhdGlvbnMvb3BlcmF0aW9uLTE3NTc4ODMxNjQzNzEtNjNlYzkxMTkxYWJmZC02Y2E1NzE4Zi00NzQ1ODExYw 200
[debug] [2025-09-14T20:53:12.520Z] <<< [apiv2][body] GET https://cloudfunctions.googleapis.com/v1/operations/cHJvamVjdHMvcHJvb2Zib3gtNWYxNmUvbG9jYXRpb25zL3VzLWNlbnRyYWwxL29wZXJhdGlvbnMvb3BlcmF0aW9uLTE3NTc4ODMxNjQzNzEtNjNlYzkxMTkxYWJmZC02Y2E1NzE4Zi00NzQ1ODExYw {"name":"operations/cHJvamVjdHMvcHJvb2Zib3gtNWYxNmUvbG9jYXRpb25zL3VzLWNlbnRyYWwxL29wZXJhdGlvbnMvb3BlcmF0aW9uLTE3NTc4ODMxNjQzNzEtNjNlYzkxMTkxYWJmZC02Y2E1NzE4Zi00NzQ1ODExYw","metadata":{"@type":"type.googleapis.com/google.cloud.functions.v1.OperationMetadataV1","target":"projects/proofbox-5f16e/locations/us-central1/functions/sendDueRemindersV1","type":"CREATE_FUNCTION","request":{"@type":"type.googleapis.com/google.cloud.functions.v1.CloudFunction","name":"projects/proofbox-5f16e/locations/us-central1/functions/sendDueRemindersV1","eventTrigger":{"eventType":"google.pubsub.topic.publish","resource":"projects/proofbox-5f16e/topics/firebase-schedule-sendDueRemindersV1-us-central1","failurePolicy":{}},"entryPoint":"sendDueRemindersV1","updateTime":"1970-01-01T00:00:00Z","labels":{"deployment-tool":"cli-firebase","deployment-scheduled":"true","firebase-functions-hash":"ca91c03223326cc109033ab6f5f4d0fa74e2e09b"},"sourceUploadUrl":"https://storage.googleapis.com/uploads-87004785998.us-central1.cloudfunctions.appspot.com/98a3c538-6495-4abc-b567-529065acc515.zip?GoogleAccessId=service-854756492452@gcf-admin-robot.iam.gserviceaccount.com&Expires=1757884960&Signature=MdSbvvgIPM1cQHl%2Bs6CcJNjc5LqafpHVB6hi0BskeJeggN%2FQ2YjC1qVti4m2OOiQd8k%2FDorcmJEMjQZhcaGdBGC%2FI6dL2BrKoYUAqqYautPD8IUTolW5lpn2NphN6BXUmyRL4WEGxmmf6vCTnvvVJpSHMFG4Xdb63p0parNfTDp5qc3SgI2rxzuC3pDJgum%2Bp3nORLSMRJq5QZhHiNeUftd9cSzbY5yxgCt7lmWi2T%2F91PXXvfoX9%2FPpx9bczbruhRfcMbfXx%2FBlj52uRo6eW%2FlpiDyn0YvsKRe84hKQMUuhwBssVy0tdNuydO4deXDriEafIapNHby9hRXkxdUvew%3D%3D","environmentVariables":{"FIREBASE_CONFIG":"{\"projectId\":\"proofbox-5f16e\",\"storageBucket\":\"proofbox-5f16e.firebasestorage.app\"}","GCLOUD_PROJECT":"proofbox-5f16e","EVENTARC_CLOUD_EVENT_SOURCE":"projects/proofbox-5f16e/locations/us-central1/functions/sendDueRemindersV1"},"runtime":"nodejs20","buildEnvironmentVariables":{"GOOGLE_NODE_RUN_SCRIPTS":""},"dockerRegistry":"ARTIFACT_REGISTRY"},"versionId":"1","updateTime":"2025-09-14T20:53:04.589968286Z","buildId":"6135f6ce-2704-48b3-834f-6ce54c365c3e","buildName":"projects/854756492452/locations/us-central1/builds/6135f6ce-2704-48b3-834f-6ce54c365c3e"},"done":true,"error":{"code":13,"message":"Gen1 operation for function projects/proofbox-5f16e/locations/us-central1/functions/sendDueRemindersV1 failed: Build failed: Build error details not available.Please check the logs at https://console.cloud.google.com/cloud-build/builds;region=us-central1/6135f6ce-2704-48b3-834f-6ce54c365c3e?project=854756492452. Please visit https://cloud.google.com/functions/docs/troubleshooting#build for in-depth troubleshooting documentation for build related errors..","details":[{"@type":"type.googleapis.com/google.rpc.DebugInfo","stackEntries":["cloud/control2/shared/userfriendly/userfriendly.go:1347 +0x25 google3/cloud/control2/shared/userfriendly/userfriendly.DebugInfoWithMessage({0xc027124f00, 0x1ca})","cloud/control2/frontend/storedata/public_operation.go:256 +0xc8 google3/cloud/control2/frontend/storedata/publicoperation.toOperationError({0x5636964e03a8, 0xc026d42750}, 0xc03091f7a0?, 0xe0?)","cloud/control2/frontend/storedata/public_operation.go:122 +0x3bf google3/cloud/control2/frontend/storedata/publicoperation.ToPublic({0x5636964e03a8, 0xc026d42750}, 0xc03091f7a0, 0xc01d9afae0, 0xc0058c1290, 0xc0029730e0)","cloud/control2/frontend/converters/operation_converter.go:46 +0xa7 google3/cloud/control2/frontend/converters/operationconverter.(*OperationConverter).ConvertResource(0xc028f133b0, {0x5636964e03a8, 0xc026d42750}, {0x5636964ed600, 0xc03091f7a0}, 0x1?, 0x1?)","cloud/control2/frontend/handler/get.go:274 +0x2298 google3/cloud/control2/frontend/handler/handler.Handler.handleGet({{{0x5636964ea5b0, 0xc0027ea3c0}, {0x0, 0x0}}, {{0xc006223f10, 0x1, 0x1}, 0xc004d7d218, 0xc006223f00, {0x56369650e310, ...}, ...}, ...}, ...)","cloud/control2/frontend/handler/handler.go:401 +0xfdb google3/cloud/control2/frontend/handler/handler.Handler.start({{{0x5636964ea5b0, 0xc0027ea3c0}, {0x0, 0x0}}, {{0xc006223f10, 0x1, 0x1}, 0xc004d7d218, 0xc006223f00, {0x56369650e310, ...}, ...}, ...}, ...)","cloud/control2/frontend/handler/handler.go:278 +0x66 google3/cloud/control2/frontend/handler/handler.init.func20({_, _}, {{{0x5636964ea5b0, 0xc0027ea3c0}, {0x0, 0x0}}, {{0xc006223f10, 0x1, 0x1}, 0xc004d7d218, ...}, ...}, ...)","cloud/control2/frontend/handler/handler.go:273 +0x173 google3/cloud/control2/frontend/handler/handler.Handler.HandleRequest({{{0x5636964ea5b0, 0xc0027ea3c0}, {0x0, 0x0}}, {{0xc006223f10, 0x1, 0x1}, 0xc004d7d218, 0xc006223f00, {0x56369650e310, ...}, ...}, ...}, ...)","cloud/control2/frontend/server/request_handler.go:111 +0x53c google3/cloud/control2/frontend/server/requesthandler.(*Handler).handleRequestWithFullMethodName(0xc00bce6480, {0x5636964e03a8, 0xc01bfb1e60}, 0xc028140e00, 0xc018638de0, 0xc018639278, {0x0?, 0xc027bbae38?})","cloud/control2/frontend/server/request_handler.go:84 +0x536 google3/cloud/control2/frontend/server/requesthandler.(*Handler).handleRequest(0xc00bce6480, {0x5636964e03a8, 0xc01bfb1e60}, 0xc018638de0, 0xc018639278)","cloud/control2/frontend/server/request_handler.go:53 +0x25 google3/cloud/control2/frontend/server/requesthandler.(*Handler).handle(0xc027bbaf98?, {0x5636964e03a8, 0xc01bfb1e60}, 0x563693dd1820?, 0xc013373801?)","cloud/control2/shared/genericrpc/service.go:172 +0x3ef google3/cloud/control2/shared/genericrpc/genericrpc.(*Dispatcher).DefaultMethodHandler(0xc00e39ccc0, {0x5636964e03a8, 0xc01bfb1e60}, 0xc018638de0)","net/rpc/go/stream.go:1170 +0x43 google3/net/rpc/go/rpc.runStreamHandler({0x5636964e03a8?, 0xc01bfb1e60?}, 0xc018638de0?, {0x0?, 0x0?}, {0x5636964f6700, 0xc01a386f00})","net/goa/rpc/rpchandler.go:100 +0x4d7 google3/net/goa/rpc/rpchandler.ExecHandlerSubset({0x5636964e03a8?, 0xc02beaa8a0?}, 0xc028afb550)","net/goa/rpc/rpchandler.go:327 +0x9f5 google3/net/goa/rpc/rpchandler.(*closedRegistry).hook(0xc00b17c240, {0x5636964e09f8, 0xc028047620}, 0xc002d83000)","production/fireaxe/go/filters/rpcserverinterceptor.go:62 +0x2f0 google3/production/fireaxe/go/filters/rpcserverinterceptor.(*Interceptor).MakeHook-fm.(*Interceptor).MakeHook.func2({0x5636964e09f8, 0xc028047620}, 0xc002d83000)"],"detail":"Gen1 operation for function projects/proofbox-5f16e/locations/us-central1/functions/sendDueRemindersV1 failed: Build failed: Build error details not available.Please check the logs at https://console.cloud.google.com/cloud-build/builds;region=us-central1/6135f6ce-2704-48b3-834f-6ce54c365c3e?project=854756492452. Please visit https://cloud.google.com/functions/docs/troubleshooting#build for in-depth troubleshooting documentation for build related errors.."}]}}
[debug] [2025-09-14T20:53:12.520Z] Got source token undefined for region us-central1
[error] Gen1 operation for function projects/proofbox-5f16e/locations/us-central1/functions/sendDueRemindersV1 failed: Build failed: Build error details not available.Please check the logs at https://console.cloud.google.com/cloud-build/builds;region=us-central1/6135f6ce-2704-48b3-834f-6ce54c365c3e?project=854756492452. Please visit https://cloud.google.com/functions/docs/troubleshooting#build for in-depth troubleshooting documentation for build related errors..
[debug] [2025-09-14T20:53:12.522Z] Total Function Deployment time: 27953
[debug] [2025-09-14T20:53:12.522Z] 3 Functions Deployed
[debug] [2025-09-14T20:53:12.522Z] 3 Functions Errored
[debug] [2025-09-14T20:53:12.522Z] 0 Function Deployments Aborted
[debug] [2025-09-14T20:53:12.522Z] Average Function Deployment time: 11877
[info] 
[info] Functions deploy had errors with the following functions:
	sendDueReminders(europe-west1)
	sendDueReminders(us-central1)
	sendDueRemindersV1(us-central1)
[debug] [2025-09-14T20:53:12.523Z] Checked if tokens are valid: true, expires at: 1757884848675
[debug] [2025-09-14T20:53:12.523Z] Checked if tokens are valid: true, expires at: 1757884848675
[debug] [2025-09-14T20:53:12.523Z] >>> [apiv2][query] GET https://artifactregistry.googleapis.com/v1/projects/proofbox-5f16e/locations/us-central1/repositories/gcf-artifacts [none]
[debug] [2025-09-14T20:53:13.268Z] <<< [apiv2][status] GET https://artifactregistry.googleapis.com/v1/projects/proofbox-5f16e/locations/us-central1/repositories/gcf-artifacts 200
[debug] [2025-09-14T20:53:13.269Z] <<< [apiv2][body] GET https://artifactregistry.googleapis.com/v1/projects/proofbox-5f16e/locations/us-central1/repositories/gcf-artifacts {"name":"projects/proofbox-5f16e/locations/us-central1/repositories/gcf-artifacts","format":"DOCKER","description":"This repository is created and used by Cloud Functions for storing function docker images.","labels":{"goog-managed-by":"cloudfunctions"},"createTime":"2025-09-14T19:44:03.846697Z","updateTime":"2025-09-14T19:45:28.401351Z","mode":"STANDARD_REPOSITORY","cleanupPolicies":{"firebase-functions-cleanup":{"id":"firebase-functions-cleanup","action":"DELETE","condition":{"tagState":"ANY","olderThan":"2592000s"}}},"vulnerabilityScanningConfig":{"lastEnableTime":"2025-09-14T19:43:55.200190027Z","enablementState":"SCANNING_DISABLED","enablementStateReason":"API containerscanning.googleapis.com is not enabled."},"satisfiesPzi":true,"registryUri":"us-central1-docker.pkg.dev/proofbox-5f16e/gcf-artifacts"}
[debug] [2025-09-14T20:53:13.269Z] Functions deploy failed.
[debug] [2025-09-14T20:53:13.269Z] {
  "endpoint": {
    "platform": "gcfv1",
    "id": "sendDueReminders",
    "project": "proofbox-5f16e",
    "region": "us-central1",
    "scheduleTrigger": {},
    "entryPoint": "sendDueReminders",
    "runtime": "nodejs20",
    "maxInstances": 3000,
    "ingressSettings": "ALLOW_ALL",
    "labels": {
      "deployment-scheduled": "true",
      "firebase-functions-hash": "7616f04e9ef38a721684d88964d3b58b3b5b946a",
      "deployment-tool": "cli-firebase"
    },
    "environmentVariables": {
      "FIREBASE_CONFIG": "{\"projectId\":\"proofbox-5f16e\",\"storageBucket\":\"proofbox-5f16e.firebasestorage.app\"}",
      "GCLOUD_PROJECT": "proofbox-5f16e",
      "EVENTARC_CLOUD_EVENT_SOURCE": "projects/proofbox-5f16e/locations/us-central1/functions/sendDueReminders"
    },
    "sourceUploadUrl": "https://storage.googleapis.com/uploads-87004785998.us-central1.cloudfunctions.appspot.com/70919e16-c497-4612-aa1a-f55274a0153c.zip",
    "serviceAccount": "proofbox-5f16e@appspot.gserviceaccount.com",
    "availableMemoryMb": 256,
    "timeoutSeconds": 60,
    "codebase": "default",
    "hash": "7616f04e9ef38a721684d88964d3b58b3b5b946a",
    "state": "FAILED"
  },
  "op": "delete schedule",
  "original": {
    "name": "FirebaseError",
    "children": [],
    "context": {
      "body": {
        "error": {
          "code": 404,
          "message": "Job not found.",
          "status": "NOT_FOUND"
        }
      },
      "response": {
        "statusCode": 404
      }
    },
    "exit": 1,
    "message": "Request to https://cloudscheduler.googleapis.com/v1/projects/proofbox-5f16e/locations/us-central1/jobs/firebase-schedule-sendDueReminders-us-central1 had HTTP Error: 404, Job not found.",
    "status": 404,
    "code": 404
  }
}
[debug] [2025-09-14T20:53:13.269Z] {
  "endpoint": {
    "platform": "gcfv1",
    "id": "sendDueReminders",
    "project": "proofbox-5f16e",
    "region": "europe-west1",
    "scheduleTrigger": {},
    "entryPoint": "sendDueReminders",
    "runtime": "nodejs20",
    "maxInstances": 3000,
    "ingressSettings": "ALLOW_ALL",
    "labels": {
      "deployment-tool": "cli-firebase",
      "deployment-scheduled": "true",
      "firebase-functions-hash": "fd82d2221883480a3166dd7fdba69a44a492fae3"
    },
    "environmentVariables": {
      "FIREBASE_CONFIG": "{\"projectId\":\"proofbox-5f16e\",\"storageBucket\":\"proofbox-5f16e.firebasestorage.app\"}",
      "GCLOUD_PROJECT": "proofbox-5f16e",
      "EVENTARC_CLOUD_EVENT_SOURCE": "projects/proofbox-5f16e/locations/europe-west1/functions/sendDueReminders"
    },
    "sourceUploadUrl": "https://storage.googleapis.com/uploads-762971119087.europe-west1.cloudfunctions.appspot.com/5de6f9ec-520c-40f0-baa6-45d0599c24af.zip",
    "serviceAccount": "proofbox-5f16e@appspot.gserviceaccount.com",
    "availableMemoryMb": 256,
    "timeoutSeconds": 60,
    "codebase": "default",
    "hash": "fd82d2221883480a3166dd7fdba69a44a492fae3",
    "state": "FAILED"
  },
  "op": "delete schedule",
  "original": {
    "name": "FirebaseError",
    "children": [],
    "context": {
      "body": {
        "error": {
          "code": 404,
          "message": "Job not found.",
          "status": "NOT_FOUND"
        }
      },
      "response": {
        "statusCode": 404
      }
    },
    "exit": 1,
    "message": "Request to https://cloudscheduler.googleapis.com/v1/projects/proofbox-5f16e/locations/us-central1/jobs/firebase-schedule-sendDueReminders-europe-west1 had HTTP Error: 404, Job not found.",
    "status": 404,
    "code": 404
  }
}
[debug] [2025-09-14T20:53:13.269Z] {
  "endpoint": {
    "id": "sendDueRemindersV1",
    "project": "proofbox-5f16e",
    "region": "us-central1",
    "entryPoint": "sendDueRemindersV1",
    "platform": "gcfv1",
    "runtime": "nodejs20",
    "scheduleTrigger": {
      "schedule": "every 1 minutes",
      "timeZone": "Europe/Paris",
      "retryConfig": {
        "maxBackoffSeconds": null,
        "minBackoffSeconds": null,
        "maxRetrySeconds": null,
        "retryCount": null,
        "maxDoublings": null
      }
    },
    "labels": {
      "deployment-tool": "cli-firebase"
    },
    "serviceAccount": null,
    "ingressSettings": null,
    "availableMemoryMb": null,
    "timeoutSeconds": null,
    "maxInstances": null,
    "minInstances": null,
    "vpc": null,
    "environmentVariables": {
      "FIREBASE_CONFIG": "{\"projectId\":\"proofbox-5f16e\",\"storageBucket\":\"proofbox-5f16e.firebasestorage.app\"}",
      "GCLOUD_PROJECT": "proofbox-5f16e",
      "EVENTARC_CLOUD_EVENT_SOURCE": "projects/proofbox-5f16e/locations/us-central1/functions/sendDueRemindersV1"
    },
    "codebase": "default",
    "targetedByOnly": false,
    "hash": "ca91c03223326cc109033ab6f5f4d0fa74e2e09b"
  },
  "op": "create",
  "original": {
    "name": "FirebaseError",
    "children": [],
    "exit": 1,
    "message": "Gen1 operation for function projects/proofbox-5f16e/locations/us-central1/functions/sendDueRemindersV1 failed: Build failed: Build error details not available.Please check the logs at https://console.cloud.google.com/cloud-build/builds;region=us-central1/6135f6ce-2704-48b3-834f-6ce54c365c3e?project=854756492452. Please visit https://cloud.google.com/functions/docs/troubleshooting#build for in-depth troubleshooting documentation for build related errors..",
    "original": {
      "code": 13,
      "message": "Gen1 operation for function projects/proofbox-5f16e/locations/us-central1/functions/sendDueRemindersV1 failed: Build failed: Build error details not available.Please check the logs at https://console.cloud.google.com/cloud-build/builds;region=us-central1/6135f6ce-2704-48b3-834f-6ce54c365c3e?project=854756492452. Please visit https://cloud.google.com/functions/docs/troubleshooting#build for in-depth troubleshooting documentation for build related errors..",
      "details": [
        {
          "@type": "type.googleapis.com/google.rpc.DebugInfo",
          "stackEntries": [
            "cloud/control2/shared/userfriendly/userfriendly.go:1347 +0x25 google3/cloud/control2/shared/userfriendly/userfriendly.DebugInfoWithMessage({0xc027124f00, 0x1ca})",
            "cloud/control2/frontend/storedata/public_operation.go:256 +0xc8 google3/cloud/control2/frontend/storedata/publicoperation.toOperationError({0x5636964e03a8, 0xc026d42750}, 0xc03091f7a0?, 0xe0?)",
            "cloud/control2/frontend/storedata/public_operation.go:122 +0x3bf google3/cloud/control2/frontend/storedata/publicoperation.ToPublic({0x5636964e03a8, 0xc026d42750}, 0xc03091f7a0, 0xc01d9afae0, 0xc0058c1290, 0xc0029730e0)",
            "cloud/control2/frontend/converters/operation_converter.go:46 +0xa7 google3/cloud/control2/frontend/converters/operationconverter.(*OperationConverter).ConvertResource(0xc028f133b0, {0x5636964e03a8, 0xc026d42750}, {0x5636964ed600, 0xc03091f7a0}, 0x1?, 0x1?)",
            "cloud/control2/frontend/handler/get.go:274 +0x2298 google3/cloud/control2/frontend/handler/handler.Handler.handleGet({{{0x5636964ea5b0, 0xc0027ea3c0}, {0x0, 0x0}}, {{0xc006223f10, 0x1, 0x1}, 0xc004d7d218, 0xc006223f00, {0x56369650e310, ...}, ...}, ...}, ...)",
            "cloud/control2/frontend/handler/handler.go:401 +0xfdb google3/cloud/control2/frontend/handler/handler.Handler.start({{{0x5636964ea5b0, 0xc0027ea3c0}, {0x0, 0x0}}, {{0xc006223f10, 0x1, 0x1}, 0xc004d7d218, 0xc006223f00, {0x56369650e310, ...}, ...}, ...}, ...)",
            "cloud/control2/frontend/handler/handler.go:278 +0x66 google3/cloud/control2/frontend/handler/handler.init.func20({_, _}, {{{0x5636964ea5b0, 0xc0027ea3c0}, {0x0, 0x0}}, {{0xc006223f10, 0x1, 0x1}, 0xc004d7d218, ...}, ...}, ...)",
            "cloud/control2/frontend/handler/handler.go:273 +0x173 google3/cloud/control2/frontend/handler/handler.Handler.HandleRequest({{{0x5636964ea5b0, 0xc0027ea3c0}, {0x0, 0x0}}, {{0xc006223f10, 0x1, 0x1}, 0xc004d7d218, 0xc006223f00, {0x56369650e310, ...}, ...}, ...}, ...)",
            "cloud/control2/frontend/server/request_handler.go:111 +0x53c google3/cloud/control2/frontend/server/requesthandler.(*Handler).handleRequestWithFullMethodName(0xc00bce6480, {0x5636964e03a8, 0xc01bfb1e60}, 0xc028140e00, 0xc018638de0, 0xc018639278, {0x0?, 0xc027bbae38?})",
            "cloud/control2/frontend/server/request_handler.go:84 +0x536 google3/cloud/control2/frontend/server/requesthandler.(*Handler).handleRequest(0xc00bce6480, {0x5636964e03a8, 0xc01bfb1e60}, 0xc018638de0, 0xc018639278)",
            "cloud/control2/frontend/server/request_handler.go:53 +0x25 google3/cloud/control2/frontend/server/requesthandler.(*Handler).handle(0xc027bbaf98?, {0x5636964e03a8, 0xc01bfb1e60}, 0x563693dd1820?, 0xc013373801?)",
            "cloud/control2/shared/genericrpc/service.go:172 +0x3ef google3/cloud/control2/shared/genericrpc/genericrpc.(*Dispatcher).DefaultMethodHandler(0xc00e39ccc0, {0x5636964e03a8, 0xc01bfb1e60}, 0xc018638de0)",
            "net/rpc/go/stream.go:1170 +0x43 google3/net/rpc/go/rpc.runStreamHandler({0x5636964e03a8?, 0xc01bfb1e60?}, 0xc018638de0?, {0x0?, 0x0?}, {0x5636964f6700, 0xc01a386f00})",
            "net/goa/rpc/rpchandler.go:100 +0x4d7 google3/net/goa/rpc/rpchandler.ExecHandlerSubset({0x5636964e03a8?, 0xc02beaa8a0?}, 0xc028afb550)",
            "net/goa/rpc/rpchandler.go:327 +0x9f5 google3/net/goa/rpc/rpchandler.(*closedRegistry).hook(0xc00b17c240, {0x5636964e09f8, 0xc028047620}, 0xc002d83000)",
            "production/fireaxe/go/filters/rpcserverinterceptor.go:62 +0x2f0 google3/production/fireaxe/go/filters/rpcserverinterceptor.(*Interceptor).MakeHook-fm.(*Interceptor).MakeHook.func2({0x5636964e09f8, 0xc028047620}, 0xc002d83000)"
          ],
          "detail": "Gen1 operation for function projects/proofbox-5f16e/locations/us-central1/functions/sendDueRemindersV1 failed: Build failed: Build error details not available.Please check the logs at https://console.cloud.google.com/cloud-build/builds;region=us-central1/6135f6ce-2704-48b3-834f-6ce54c365c3e?project=854756492452. Please visit https://cloud.google.com/functions/docs/troubleshooting#build for in-depth troubleshooting documentation for build related errors.."
        }
      ]
    },
    "status": 13,
    "code": 13
  }
}
[error] Error: There was an error deploying functions:
[error] - Error Failed to delete schedule function sendDueReminders in region us-central1
[error] - Error Failed to delete schedule function sendDueReminders in region europe-west1
[error] - Error Failed to create function sendDueRemindersV1 in region us-central1
[debug] [2025-09-14T21:09:24.820Z] ----------------------------------------------------------------------
[debug] [2025-09-14T21:09:24.823Z] Command:       C:\Program Files\nodejs\node.exe C:\Users\conta\AppData\Roaming\npm\node_modules\firebase-tools\lib\bin\firebase.js deploy --only functions --project proofbox-5f16e
[debug] [2025-09-14T21:09:24.823Z] CLI Version:   14.12.0
[debug] [2025-09-14T21:09:24.823Z] Platform:      win32
[debug] [2025-09-14T21:09:24.823Z] Node Version:  v22.15.0
[debug] [2025-09-14T21:09:24.824Z] Time:          Sun Sep 14 2025 23:09:24 GMT+0200 (heure d’été d’Europe centrale)
[debug] [2025-09-14T21:09:24.824Z] ----------------------------------------------------------------------
[debug] 
[debug] [2025-09-14T21:09:24.979Z] > command requires scopes: ["email","openid","https://www.googleapis.com/auth/cloudplatformprojects.readonly","https://www.googleapis.com/auth/firebase","https://www.googleapis.com/auth/cloud-platform"]
[debug] [2025-09-14T21:09:24.980Z] > authorizing via signed-in user (contact@javachrist.fr)
[debug] [2025-09-14T21:09:24.980Z] [iam] checking project proofbox-5f16e for permissions ["cloudfunctions.functions.create","cloudfunctions.functions.delete","cloudfunctions.functions.get","cloudfunctions.functions.list","cloudfunctions.functions.update","cloudfunctions.operations.get","firebase.projects.get"]
[debug] [2025-09-14T21:09:24.981Z] Checked if tokens are valid: false, expires at: 1757884848675
[debug] [2025-09-14T21:09:24.981Z] Checked if tokens are valid: false, expires at: 1757884848675
[debug] [2025-09-14T21:09:24.981Z] > refreshing access token with scopes: []
[debug] [2025-09-14T21:09:24.983Z] >>> [apiv2][query] POST https://www.googleapis.com/oauth2/v3/token [none]
[debug] [2025-09-14T21:09:24.983Z] >>> [apiv2][body] POST https://www.googleapis.com/oauth2/v3/token [omitted]
[debug] [2025-09-14T21:09:25.135Z] <<< [apiv2][status] POST https://www.googleapis.com/oauth2/v3/token 200
[debug] [2025-09-14T21:09:25.135Z] <<< [apiv2][body] POST https://www.googleapis.com/oauth2/v3/token [omitted]
[debug] [2025-09-14T21:09:25.142Z] >>> [apiv2][query] POST https://cloudresourcemanager.googleapis.com/v1/projects/proofbox-5f16e:testIamPermissions [none]
[debug] [2025-09-14T21:09:25.142Z] >>> [apiv2][(partial)header] POST https://cloudresourcemanager.googleapis.com/v1/projects/proofbox-5f16e:testIamPermissions x-goog-quota-user=projects/proofbox-5f16e
[debug] [2025-09-14T21:09:25.142Z] >>> [apiv2][body] POST https://cloudresourcemanager.googleapis.com/v1/projects/proofbox-5f16e:testIamPermissions {"permissions":["cloudfunctions.functions.create","cloudfunctions.functions.delete","cloudfunctions.functions.get","cloudfunctions.functions.list","cloudfunctions.functions.update","cloudfunctions.operations.get","firebase.projects.get"]}
[debug] [2025-09-14T21:09:25.793Z] <<< [apiv2][status] POST https://cloudresourcemanager.googleapis.com/v1/projects/proofbox-5f16e:testIamPermissions 200
[debug] [2025-09-14T21:09:25.793Z] <<< [apiv2][body] POST https://cloudresourcemanager.googleapis.com/v1/projects/proofbox-5f16e:testIamPermissions {"permissions":["cloudfunctions.functions.create","cloudfunctions.functions.delete","cloudfunctions.functions.get","cloudfunctions.functions.list","cloudfunctions.functions.update","cloudfunctions.operations.get","firebase.projects.get"]}
[debug] [2025-09-14T21:09:25.794Z] Checked if tokens are valid: true, expires at: 1757887764135
[debug] [2025-09-14T21:09:25.794Z] Checked if tokens are valid: true, expires at: 1757887764135
[debug] [2025-09-14T21:09:25.794Z] >>> [apiv2][query] POST https://iam.googleapis.com/v1/projects/proofbox-5f16e/serviceAccounts/proofbox-5f16e@appspot.gserviceaccount.com:testIamPermissions [none]
[debug] [2025-09-14T21:09:25.794Z] >>> [apiv2][body] POST https://iam.googleapis.com/v1/projects/proofbox-5f16e/serviceAccounts/proofbox-5f16e@appspot.gserviceaccount.com:testIamPermissions {"permissions":["iam.serviceAccounts.actAs"]}
[debug] [2025-09-14T21:09:26.445Z] <<< [apiv2][status] POST https://iam.googleapis.com/v1/projects/proofbox-5f16e/serviceAccounts/proofbox-5f16e@appspot.gserviceaccount.com:testIamPermissions 200
[debug] [2025-09-14T21:09:26.445Z] <<< [apiv2][body] POST https://iam.googleapis.com/v1/projects/proofbox-5f16e/serviceAccounts/proofbox-5f16e@appspot.gserviceaccount.com:testIamPermissions {"permissions":["iam.serviceAccounts.actAs"]}
[info] 
[info] === Deploying to 'proofbox-5f16e'...
[info] 
[info] i  deploying functions 
[debug] [2025-09-14T21:09:26.448Z] Checked if tokens are valid: true, expires at: 1757887764135
[debug] [2025-09-14T21:09:26.448Z] Checked if tokens are valid: true, expires at: 1757887764135
[debug] [2025-09-14T21:09:26.448Z] >>> [apiv2][query] GET https://cloudresourcemanager.googleapis.com/v1/projects/proofbox-5f16e [none]
[debug] [2025-09-14T21:09:26.648Z] <<< [apiv2][status] GET https://cloudresourcemanager.googleapis.com/v1/projects/proofbox-5f16e 200
[debug] [2025-09-14T21:09:26.648Z] <<< [apiv2][body] GET https://cloudresourcemanager.googleapis.com/v1/projects/proofbox-5f16e {"projectNumber":"854756492452","projectId":"proofbox-5f16e","lifecycleState":"ACTIVE","name":"ProofBox","labels":{"firebase":"enabled","firebase-core":"disabled"},"createTime":"2025-08-15T02:20:12.357684Z","parent":{"type":"organization","id":"294271354232"}}
[info] i  functions: preparing codebase default for deployment 
[info] i  functions: ensuring required API cloudfunctions.googleapis.com is enabled... 
[info] i  functions: ensuring required API cloudbuild.googleapis.com is enabled... 
[info] i  artifactregistry: ensuring required API artifactregistry.googleapis.com is enabled... 
[debug] [2025-09-14T21:09:26.650Z] Checked if tokens are valid: true, expires at: 1757887764135
[debug] [2025-09-14T21:09:26.650Z] Checked if tokens are valid: true, expires at: 1757887764135
[debug] [2025-09-14T21:09:26.650Z] >>> [apiv2][query] GET https://firebase.googleapis.com/v1beta1/projects/proofbox-5f16e/adminSdkConfig [none]
[debug] [2025-09-14T21:09:27.168Z] <<< [apiv2][status] GET https://firebase.googleapis.com/v1beta1/projects/proofbox-5f16e/adminSdkConfig 200
[debug] [2025-09-14T21:09:27.168Z] <<< [apiv2][body] GET https://firebase.googleapis.com/v1beta1/projects/proofbox-5f16e/adminSdkConfig {"projectId":"proofbox-5f16e","storageBucket":"proofbox-5f16e.firebasestorage.app"}
[debug] [2025-09-14T21:09:27.168Z] Checked if tokens are valid: true, expires at: 1757887764135
[debug] [2025-09-14T21:09:27.169Z] Checked if tokens are valid: true, expires at: 1757887764135
[debug] [2025-09-14T21:09:27.169Z] >>> [apiv2][query] GET https://runtimeconfig.googleapis.com/v1beta1/projects/proofbox-5f16e/configs [none]
[debug] [2025-09-14T21:09:27.454Z] <<< [apiv2][status] GET https://runtimeconfig.googleapis.com/v1beta1/projects/proofbox-5f16e/configs 200
[debug] [2025-09-14T21:09:27.454Z] <<< [apiv2][body] GET https://runtimeconfig.googleapis.com/v1beta1/projects/proofbox-5f16e/configs {}
[debug] [2025-09-14T21:09:27.455Z] Validating nodejs source
[warn] !  functions: package.json indicates an outdated version of firebase-functions. Please upgrade using npm install --save firebase-functions@latest in your functions directory. 
[warn] !  functions: Please note that there will be breaking changes when you upgrade. 
[debug] [2025-09-14T21:09:28.246Z] > [functions] package.json contents: {
  "name": "proofbox-functions",
  "private": true,
  "engines": {
    "node": "20"
  },
  "type": "module",
  "main": "lib/index.js",
  "scripts": {
    "build": "tsc -p .",
    "deploy": "firebase deploy --only functions",
    "serve": "firebase emulators:start --only functions"
  },
  "dependencies": {
    "firebase-admin": "^12.5.0",
    "firebase-functions": "^5.1.0"
  },
  "devDependencies": {
    "typescript": "^5.5.4"
  }
}
[debug] [2025-09-14T21:09:28.246Z] Building nodejs source
[info] i  functions: Loading and analyzing source code for codebase default to determine what to deploy 
[debug] [2025-09-14T21:09:28.247Z] Could not find functions.yaml. Must use http discovery
[debug] [2025-09-14T21:09:28.259Z] Found firebase-functions binary at 'C:\Users\conta\Desktop\ProofBox\functions\node_modules\.bin\firebase-functions'
[info] Serving at port 8257

[debug] [2025-09-14T21:09:28.958Z] Got response from /__/functions.yaml {"endpoints":{"sendDueRemindersV1":{"platform":"gcfv1","availableMemoryMb":null,"timeoutSeconds":null,"minInstances":null,"maxInstances":null,"ingressSettings":null,"serviceAccountEmail":null,"vpc":null,"region":["us-central1"],"scheduleTrigger":{"schedule":"every 1 minutes","retryConfig":{"retryCount":null,"maxDoublings":null,"maxRetryDuration":null,"maxBackoffDuration":null,"minBackoffDuration":null},"timeZone":"Europe/Paris"},"labels":{},"entryPoint":"sendDueRemindersV1"}},"specVersion":"v1alpha1","requiredAPIs":[{"api":"cloudscheduler.googleapis.com","reason":"Needed for scheduled functions."}],"extensions":{}}
[info] i  extensions: ensuring required API firebaseextensions.googleapis.com is enabled... 
[debug] [2025-09-14T21:09:33.000Z] > command requires scopes: ["email","openid","https://www.googleapis.com/auth/cloudplatformprojects.readonly","https://www.googleapis.com/auth/firebase","https://www.googleapis.com/auth/cloud-platform"]
[debug] [2025-09-14T21:09:33.000Z] > authorizing via signed-in user (contact@javachrist.fr)
[debug] [2025-09-14T21:09:33.000Z] [iam] checking project proofbox-5f16e for permissions ["firebase.projects.get","firebaseextensions.instances.list"]
[debug] [2025-09-14T21:09:33.000Z] Checked if tokens are valid: true, expires at: 1757887764135
[debug] [2025-09-14T21:09:33.000Z] Checked if tokens are valid: true, expires at: 1757887764135
[debug] [2025-09-14T21:09:33.000Z] >>> [apiv2][query] POST https://cloudresourcemanager.googleapis.com/v1/projects/proofbox-5f16e:testIamPermissions [none]
[debug] [2025-09-14T21:09:33.000Z] >>> [apiv2][(partial)header] POST https://cloudresourcemanager.googleapis.com/v1/projects/proofbox-5f16e:testIamPermissions x-goog-quota-user=projects/proofbox-5f16e
[debug] [2025-09-14T21:09:33.000Z] >>> [apiv2][body] POST https://cloudresourcemanager.googleapis.com/v1/projects/proofbox-5f16e:testIamPermissions {"permissions":["firebase.projects.get","firebaseextensions.instances.list"]}
[debug] [2025-09-14T21:09:33.630Z] <<< [apiv2][status] POST https://cloudresourcemanager.googleapis.com/v1/projects/proofbox-5f16e:testIamPermissions 200
[debug] [2025-09-14T21:09:33.630Z] <<< [apiv2][body] POST https://cloudresourcemanager.googleapis.com/v1/projects/proofbox-5f16e:testIamPermissions {"permissions":["firebase.projects.get","firebaseextensions.instances.list"]}
[debug] [2025-09-14T21:09:33.631Z] Checked if tokens are valid: true, expires at: 1757887764135
[debug] [2025-09-14T21:09:33.631Z] Checked if tokens are valid: true, expires at: 1757887764135
[debug] [2025-09-14T21:09:33.631Z] >>> [apiv2][query] GET https://firebaseextensions.googleapis.com/v1beta/projects/proofbox-5f16e/instances pageSize=100&pageToken=
[debug] [2025-09-14T21:09:34.402Z] <<< [apiv2][status] GET https://firebaseextensions.googleapis.com/v1beta/projects/proofbox-5f16e/instances 200
[debug] [2025-09-14T21:09:34.402Z] <<< [apiv2][body] GET https://firebaseextensions.googleapis.com/v1beta/projects/proofbox-5f16e/instances {}
[info] i  functions: preparing functions directory for uploading... 
[info] i  functions: packaged C:\Users\conta\Desktop\ProofBox\functions (32.17 KB) for uploading 
[debug] [2025-09-14T21:09:34.445Z] Checked if tokens are valid: true, expires at: 1757887764135
[debug] [2025-09-14T21:09:34.445Z] Checked if tokens are valid: true, expires at: 1757887764135
[debug] [2025-09-14T21:09:34.445Z] >>> [apiv2][query] GET https://cloudfunctions.googleapis.com/v1/projects/proofbox-5f16e/locations/-/functions [none]
[debug] [2025-09-14T21:09:35.033Z] <<< [apiv2][status] GET https://cloudfunctions.googleapis.com/v1/projects/proofbox-5f16e/locations/-/functions 200
[debug] [2025-09-14T21:09:35.034Z] <<< [apiv2][body] GET https://cloudfunctions.googleapis.com/v1/projects/proofbox-5f16e/locations/-/functions {"functions":[{"name":"projects/proofbox-5f16e/locations/europe-west1/functions/sendDueReminders","eventTrigger":{"eventType":"google.pubsub.topic.publish","resource":"projects/proofbox-5f16e/topics/firebase-schedule-sendDueReminders-europe-west1","service":"pubsub.googleapis.com","failurePolicy":{}},"status":"OFFLINE","entryPoint":"sendDueReminders","timeout":"60s","availableMemoryMb":256,"serviceAccountEmail":"proofbox-5f16e@appspot.gserviceaccount.com","updateTime":"2025-09-14T20:15:10.247245459Z","versionId":"1","labels":{"deployment-tool":"cli-firebase","deployment-scheduled":"true","firebase-functions-hash":"fd82d2221883480a3166dd7fdba69a44a492fae3"},"sourceUploadUrl":"https://storage.googleapis.com/uploads-762971119087.europe-west1.cloudfunctions.appspot.com/5de6f9ec-520c-40f0-baa6-45d0599c24af.zip","environmentVariables":{"FIREBASE_CONFIG":"{\"projectId\":\"proofbox-5f16e\",\"storageBucket\":\"proofbox-5f16e.firebasestorage.app\"}","GCLOUD_PROJECT":"proofbox-5f16e","EVENTARC_CLOUD_EVENT_SOURCE":"projects/proofbox-5f16e/locations/europe-west1/functions/sendDueReminders"},"runtime":"nodejs20","maxInstances":3000,"ingressSettings":"ALLOW_ALL","buildId":"37407372-97a7-4d16-ac9f-21ffe3464e9e","buildEnvironmentVariables":{"GOOGLE_NODE_RUN_SCRIPTS":""},"buildName":"projects/854756492452/locations/europe-west1/builds/37407372-97a7-4d16-ac9f-21ffe3464e9e","dockerRegistry":"ARTIFACT_REGISTRY","automaticUpdatePolicy":{},"buildServiceAccount":"projects/proofbox-5f16e/serviceAccounts/854756492452-compute@developer.gserviceaccount.com","satisfiesPzi":true},{"name":"projects/proofbox-5f16e/locations/us-central1/functions/sendDueRemindersV1","eventTrigger":{"eventType":"google.pubsub.topic.publish","resource":"projects/proofbox-5f16e/topics/firebase-schedule-sendDueRemindersV1-us-central1","service":"pubsub.googleapis.com","failurePolicy":{}},"status":"OFFLINE","entryPoint":"sendDueRemindersV1","timeout":"60s","availableMemoryMb":256,"serviceAccountEmail":"proofbox-5f16e@appspot.gserviceaccount.com","updateTime":"2025-09-14T20:53:04.596663485Z","versionId":"1","labels":{"deployment-tool":"cli-firebase","deployment-scheduled":"true","firebase-functions-hash":"ca91c03223326cc109033ab6f5f4d0fa74e2e09b"},"sourceUploadUrl":"https://storage.googleapis.com/uploads-87004785998.us-central1.cloudfunctions.appspot.com/98a3c538-6495-4abc-b567-529065acc515.zip","environmentVariables":{"FIREBASE_CONFIG":"{\"projectId\":\"proofbox-5f16e\",\"storageBucket\":\"proofbox-5f16e.firebasestorage.app\"}","GCLOUD_PROJECT":"proofbox-5f16e","EVENTARC_CLOUD_EVENT_SOURCE":"projects/proofbox-5f16e/locations/us-central1/functions/sendDueRemindersV1"},"runtime":"nodejs20","maxInstances":3000,"ingressSettings":"ALLOW_ALL","buildId":"6135f6ce-2704-48b3-834f-6ce54c365c3e","buildEnvironmentVariables":{"GOOGLE_NODE_RUN_SCRIPTS":""},"buildName":"projects/854756492452/locations/us-central1/builds/6135f6ce-2704-48b3-834f-6ce54c365c3e","dockerRegistry":"ARTIFACT_REGISTRY","automaticUpdatePolicy":{},"buildServiceAccount":"projects/proofbox-5f16e/serviceAccounts/854756492452-compute@developer.gserviceaccount.com","satisfiesPzi":true},{"name":"projects/proofbox-5f16e/locations/us-central1/functions/sendDueReminders","eventTrigger":{"eventType":"google.pubsub.topic.publish","resource":"projects/proofbox-5f16e/topics/firebase-schedule-sendDueReminders-us-central1","service":"pubsub.googleapis.com","failurePolicy":{}},"status":"OFFLINE","entryPoint":"sendDueReminders","timeout":"60s","availableMemoryMb":256,"serviceAccountEmail":"proofbox-5f16e@appspot.gserviceaccount.com","updateTime":"2025-09-14T19:44:20.178899578Z","versionId":"4","labels":{"deployment-tool":"cli-firebase","deployment-scheduled":"true","firebase-functions-hash":"7616f04e9ef38a721684d88964d3b58b3b5b946a"},"sourceUploadUrl":"https://storage.googleapis.com/uploads-87004785998.us-central1.cloudfunctions.appspot.com/70919e16-c497-4612-aa1a-f55274a0153c.zip","environmentVariables":{"FIREBASE_CONFIG":"{\"projectId\":\"proofbox-5f16e\",\"storageBucket\":\"proofbox-5f16e.firebasestorage.app\"}","GCLOUD_PROJECT":"proofbox-5f16e","EVENTARC_CLOUD_EVENT_SOURCE":"projects/proofbox-5f16e/locations/us-central1/functions/sendDueReminders"},"runtime":"nodejs20","maxInstances":3000,"ingressSettings":"ALLOW_ALL","buildId":"ed3e3a90-4c62-4303-bc2f-f6979e29035f","buildEnvironmentVariables":{"GOOGLE_NODE_RUN_SCRIPTS":""},"buildName":"projects/854756492452/locations/us-central1/builds/ed3e3a90-4c62-4303-bc2f-f6979e29035f","dockerRegistry":"ARTIFACT_REGISTRY","automaticUpdatePolicy":{},"buildServiceAccount":"projects/proofbox-5f16e/serviceAccounts/854756492452-compute@developer.gserviceaccount.com","satisfiesPzi":true}]}
[debug] [2025-09-14T21:09:35.035Z] Checked if tokens are valid: true, expires at: 1757887764135
[debug] [2025-09-14T21:09:35.035Z] Checked if tokens are valid: true, expires at: 1757887764135
[debug] [2025-09-14T21:09:35.036Z] >>> [apiv2][query] GET https://cloudfunctions.googleapis.com/v2/projects/proofbox-5f16e/locations/-/functions filter=environment%3D%22GEN_2%22
[debug] [2025-09-14T21:09:36.020Z] <<< [apiv2][status] GET https://cloudfunctions.googleapis.com/v2/projects/proofbox-5f16e/locations/-/functions 200
[debug] [2025-09-14T21:09:36.020Z] <<< [apiv2][body] GET https://cloudfunctions.googleapis.com/v2/projects/proofbox-5f16e/locations/-/functions {}
[info] i  functions: ensuring required API cloudscheduler.googleapis.com is enabled... 
[debug] [2025-09-14T21:09:36.024Z] Checked if tokens are valid: true, expires at: 1757887764135
[debug] [2025-09-14T21:09:36.024Z] Checked if tokens are valid: true, expires at: 1757887764135
[debug] [2025-09-14T21:09:36.024Z] >>> [apiv2][query] GET https://cloudresourcemanager.googleapis.com/v1/projects/proofbox-5f16e [none]
[debug] [2025-09-14T21:09:36.212Z] <<< [apiv2][status] GET https://cloudresourcemanager.googleapis.com/v1/projects/proofbox-5f16e 200
[debug] [2025-09-14T21:09:36.213Z] <<< [apiv2][body] GET https://cloudresourcemanager.googleapis.com/v1/projects/proofbox-5f16e {"projectNumber":"854756492452","projectId":"proofbox-5f16e","lifecycleState":"ACTIVE","name":"ProofBox","labels":{"firebase":"enabled","firebase-core":"disabled"},"createTime":"2025-08-15T02:20:12.357684Z","parent":{"type":"organization","id":"294271354232"}}
[debug] [2025-09-14T21:09:36.215Z] Checked if tokens are valid: true, expires at: 1757887764135
[debug] [2025-09-14T21:09:36.215Z] Checked if tokens are valid: true, expires at: 1757887764135
[debug] [2025-09-14T21:09:36.215Z] >>> [apiv2][query] GET https://cloudbilling.googleapis.com/v1/projects/proofbox-5f16e/billingInfo [none]
[debug] [2025-09-14T21:09:36.908Z] <<< [apiv2][status] GET https://cloudbilling.googleapis.com/v1/projects/proofbox-5f16e/billingInfo 200
[debug] [2025-09-14T21:09:36.908Z] <<< [apiv2][body] GET https://cloudbilling.googleapis.com/v1/projects/proofbox-5f16e/billingInfo {"name":"projects/proofbox-5f16e/billingInfo","projectId":"proofbox-5f16e","billingAccountName":"billingAccounts/0145E2-FCEB42-80B9A6","billingEnabled":true}
[debug] [2025-09-14T21:09:36.909Z] Checked if tokens are valid: true, expires at: 1757887764135
[debug] [2025-09-14T21:09:36.909Z] Checked if tokens are valid: true, expires at: 1757887764135
[debug] [2025-09-14T21:09:36.909Z] >>> [apiv2][query] POST https://cloudfunctions.googleapis.com/v1/projects/proofbox-5f16e/locations/us-central1/functions:generateUploadUrl [none]
[debug] [2025-09-14T21:09:36.909Z] >>> [apiv2][body] POST https://cloudfunctions.googleapis.com/v1/projects/proofbox-5f16e/locations/us-central1/functions:generateUploadUrl {}
[debug] [2025-09-14T21:09:37.533Z] <<< [apiv2][status] POST https://cloudfunctions.googleapis.com/v1/projects/proofbox-5f16e/locations/us-central1/functions:generateUploadUrl 200
[debug] [2025-09-14T21:09:37.533Z] <<< [apiv2][body] POST https://cloudfunctions.googleapis.com/v1/projects/proofbox-5f16e/locations/us-central1/functions:generateUploadUrl {"uploadUrl":"https://storage.googleapis.com/uploads-87004785998.us-central1.cloudfunctions.appspot.com/4b8a6a45-7ea9-48d2-ad05-0efe93d81ccf.zip?GoogleAccessId=service-854756492452@gcf-admin-robot.iam.gserviceaccount.com&Expires=1757885977&Signature=GqKTEDAJAk2lwotbjg9l6iXqiRZ7%2BkduICZTL%2Fs1b%2F%2Bt3mm%2BfDAAMKg80dWSUxFiVZoHFkqksE2lSzpLXp3CrSERROEHCoHx4g%2BcmWGgknyB3ajKfYjMkfW%2B9YKuUh9CTG8ZSZgye47PFxR8QLgLccmUa5kxRVc6o7zGhIIKJedoc6LrxkwoEJnnx7bh6d7%2FZ%2BzFf0fSJmJYvVK9L8guWsaWXgQZmWlAuXXKupQdMN6Ys1UmKYu3sQiyMojFMZqI4x8RDVWF4RHaAdCHvfd3UufurQWn0ikmRE7TwpnMnNcW%2F%2FGROY8vzHaF2JA7TpbPvotDAUkXBUQSnS3W1EQ%2BLg%3D%3D"}
[debug] [2025-09-14T21:09:37.534Z] >>> [apiv2][query] PUT https://storage.googleapis.com/uploads-87004785998.us-central1.cloudfunctions.appspot.com/4b8a6a45-7ea9-48d2-ad05-0efe93d81ccf.zip GoogleAccessId=service-854756492452%40gcf-admin-robot.iam.gserviceaccount.com&Expires=1757885977&Signature=GqKTEDAJAk2lwotbjg9l6iXqiRZ7%2BkduICZTL%2Fs1b%2F%2Bt3mm%2BfDAAMKg80dWSUxFiVZoHFkqksE2lSzpLXp3CrSERROEHCoHx4g%2BcmWGgknyB3ajKfYjMkfW%2B9YKuUh9CTG8ZSZgye47PFxR8QLgLccmUa5kxRVc6o7zGhIIKJedoc6LrxkwoEJnnx7bh6d7%2FZ%2BzFf0fSJmJYvVK9L8guWsaWXgQZmWlAuXXKupQdMN6Ys1UmKYu3sQiyMojFMZqI4x8RDVWF4RHaAdCHvfd3UufurQWn0ikmRE7TwpnMnNcW%2F%2FGROY8vzHaF2JA7TpbPvotDAUkXBUQSnS3W1EQ%2BLg%3D%3D
[debug] [2025-09-14T21:09:37.534Z] >>> [apiv2][body] PUT https://storage.googleapis.com/uploads-87004785998.us-central1.cloudfunctions.appspot.com/4b8a6a45-7ea9-48d2-ad05-0efe93d81ccf.zip [stream]
[debug] [2025-09-14T21:09:37.904Z] <<< [apiv2][status] PUT https://storage.googleapis.com/uploads-87004785998.us-central1.cloudfunctions.appspot.com/4b8a6a45-7ea9-48d2-ad05-0efe93d81ccf.zip 200
[debug] [2025-09-14T21:09:37.904Z] <<< [apiv2][body] PUT https://storage.googleapis.com/uploads-87004785998.us-central1.cloudfunctions.appspot.com/4b8a6a45-7ea9-48d2-ad05-0efe93d81ccf.zip [omitted]
[info] +  functions: functions folder uploaded successfully 
[info] 
The following functions are found in your project but do not exist in your local source code:
	sendDueReminders(europe-west1)
	sendDueReminders(us-central1)

If you are renaming a function or changing its region, it is recommended that you create the new function first before deleting the old one to prevent event loss. For more info, visit https://firebase.google.com/docs/functions/manage-functions#modify

[info] i  functions: updating Node.js 20 (1st Gen) function sendDueRemindersV1(us-central1)... 
[info] i  functions: deleting Node.js 20 (1st Gen) function sendDueReminders(us-central1)... 
[debug] [2025-09-14T21:09:42.110Z] Checked if tokens are valid: true, expires at: 1757887764135
[debug] [2025-09-14T21:09:42.110Z] Checked if tokens are valid: true, expires at: 1757887764135
[debug] [2025-09-14T21:09:42.110Z] Checked if tokens are valid: true, expires at: 1757887764135
[debug] [2025-09-14T21:09:42.111Z] Checked if tokens are valid: true, expires at: 1757887764135
[info] i  functions: deleting Node.js 20 (1st Gen) function sendDueReminders(europe-west1)... 
[debug] [2025-09-14T21:09:42.111Z] Checked if tokens are valid: true, expires at: 1757887764135
[debug] [2025-09-14T21:09:42.111Z] Checked if tokens are valid: true, expires at: 1757887764135
[debug] [2025-09-14T21:09:42.111Z] >>> [apiv2][query] DELETE https://cloudscheduler.googleapis.com/v1/projects/proofbox-5f16e/locations/us-central1/jobs/firebase-schedule-sendDueReminders-us-central1 [none]
[debug] [2025-09-14T21:09:42.113Z] >>> [apiv2][query] PATCH https://cloudfunctions.googleapis.com/v1/projects/proofbox-5f16e/locations/us-central1/functions/sendDueRemindersV1 updateMask=name%2CsourceUploadUrl%2CentryPoint%2Cruntime%2CdockerRegistry%2Clabels%2CeventTrigger.eventType%2CeventTrigger.resource%2CminInstances%2CmaxInstances%2CingressSettings%2CenvironmentVariables%2CserviceAccountEmail%2CavailableMemoryMb%2Ctimeout%2CvpcConnector%2CvpcConnectorEgressSettings%2CsourceToken%2CbuildEnvironmentVariables
[debug] [2025-09-14T21:09:42.113Z] >>> [apiv2][body] PATCH https://cloudfunctions.googleapis.com/v1/projects/proofbox-5f16e/locations/us-central1/functions/sendDueRemindersV1 {"name":"projects/proofbox-5f16e/locations/us-central1/functions/sendDueRemindersV1","sourceUploadUrl":"https://storage.googleapis.com/uploads-87004785998.us-central1.cloudfunctions.appspot.com/4b8a6a45-7ea9-48d2-ad05-0efe93d81ccf.zip?GoogleAccessId=service-854756492452@gcf-admin-robot.iam.gserviceaccount.com&Expires=1757885977&Signature=GqKTEDAJAk2lwotbjg9l6iXqiRZ7%2BkduICZTL%2Fs1b%2F%2Bt3mm%2BfDAAMKg80dWSUxFiVZoHFkqksE2lSzpLXp3CrSERROEHCoHx4g%2BcmWGgknyB3ajKfYjMkfW%2B9YKuUh9CTG8ZSZgye47PFxR8QLgLccmUa5kxRVc6o7zGhIIKJedoc6LrxkwoEJnnx7bh6d7%2FZ%2BzFf0fSJmJYvVK9L8guWsaWXgQZmWlAuXXKupQdMN6Ys1UmKYu3sQiyMojFMZqI4x8RDVWF4RHaAdCHvfd3UufurQWn0ikmRE7TwpnMnNcW%2F%2FGROY8vzHaF2JA7TpbPvotDAUkXBUQSnS3W1EQ%2BLg%3D%3D","entryPoint":"sendDueRemindersV1","runtime":"nodejs20","dockerRegistry":"ARTIFACT_REGISTRY","labels":{"deployment-tool":"cli-firebase","deployment-scheduled":"true","firebase-functions-hash":"ca91c03223326cc109033ab6f5f4d0fa74e2e09b"},"eventTrigger":{"eventType":"google.pubsub.topic.publish","resource":"projects/proofbox-5f16e/topics/firebase-schedule-sendDueRemindersV1-us-central1"},"minInstances":null,"maxInstances":null,"ingressSettings":null,"environmentVariables":{"FIREBASE_CONFIG":"{\"projectId\":\"proofbox-5f16e\",\"storageBucket\":\"proofbox-5f16e.firebasestorage.app\"}","GCLOUD_PROJECT":"proofbox-5f16e","EVENTARC_CLOUD_EVENT_SOURCE":"projects/proofbox-5f16e/locations/us-central1/functions/sendDueRemindersV1"},"serviceAccountEmail":null,"availableMemoryMb":null,"timeout":null,"vpcConnector":null,"vpcConnectorEgressSettings":null,"buildEnvironmentVariables":{"GOOGLE_NODE_RUN_SCRIPTS":""}}
[debug] [2025-09-14T21:09:42.113Z] >>> [apiv2][query] DELETE https://cloudscheduler.googleapis.com/v1/projects/proofbox-5f16e/locations/us-central1/jobs/firebase-schedule-sendDueReminders-europe-west1 [none]
[debug] [2025-09-14T21:09:42.573Z] <<< [apiv2][status] PATCH https://cloudfunctions.googleapis.com/v1/projects/proofbox-5f16e/locations/us-central1/functions/sendDueRemindersV1 200
[debug] [2025-09-14T21:09:42.573Z] <<< [apiv2][body] PATCH https://cloudfunctions.googleapis.com/v1/projects/proofbox-5f16e/locations/us-central1/functions/sendDueRemindersV1 {"name":"operations/cHJvb2Zib3gtNWYxNmUvdXMtY2VudHJhbDEvc2VuZER1ZVJlbWluZGVyc1YxL2luUjQ0VHI2b0dN","metadata":{"@type":"type.googleapis.com/google.cloud.functions.v1.OperationMetadataV1","target":"projects/proofbox-5f16e/locations/us-central1/functions/sendDueRemindersV1","type":"UPDATE_FUNCTION","request":{"@type":"type.googleapis.com/google.cloud.functions.v1.CloudFunction","name":"projects/proofbox-5f16e/locations/us-central1/functions/sendDueRemindersV1","eventTrigger":{"eventType":"google.pubsub.topic.publish","resource":"projects/proofbox-5f16e/topics/firebase-schedule-sendDueRemindersV1-us-central1","service":"pubsub.googleapis.com","failurePolicy":{}},"status":"OFFLINE","entryPoint":"sendDueRemindersV1","updateTime":"2025-09-14T20:53:02.671Z","versionId":"1","labels":{"deployment-tool":"cli-firebase","deployment-scheduled":"true","firebase-functions-hash":"ca91c03223326cc109033ab6f5f4d0fa74e2e09b"},"sourceUploadUrl":"https://storage.googleapis.com/uploads-87004785998.us-central1.cloudfunctions.appspot.com/4b8a6a45-7ea9-48d2-ad05-0efe93d81ccf.zip?GoogleAccessId=service-854756492452@gcf-admin-robot.iam.gserviceaccount.com&Expires=1757885977&Signature=GqKTEDAJAk2lwotbjg9l6iXqiRZ7%2BkduICZTL%2Fs1b%2F%2Bt3mm%2BfDAAMKg80dWSUxFiVZoHFkqksE2lSzpLXp3CrSERROEHCoHx4g%2BcmWGgknyB3ajKfYjMkfW%2B9YKuUh9CTG8ZSZgye47PFxR8QLgLccmUa5kxRVc6o7zGhIIKJedoc6LrxkwoEJnnx7bh6d7%2FZ%2BzFf0fSJmJYvVK9L8guWsaWXgQZmWlAuXXKupQdMN6Ys1UmKYu3sQiyMojFMZqI4x8RDVWF4RHaAdCHvfd3UufurQWn0ikmRE7TwpnMnNcW%2F%2FGROY8vzHaF2JA7TpbPvotDAUkXBUQSnS3W1EQ%2BLg%3D%3D","environmentVariables":{"FIREBASE_CONFIG":"{\"projectId\":\"proofbox-5f16e\",\"storageBucket\":\"proofbox-5f16e.firebasestorage.app\"}","GCLOUD_PROJECT":"proofbox-5f16e","EVENTARC_CLOUD_EVENT_SOURCE":"projects/proofbox-5f16e/locations/us-central1/functions/sendDueRemindersV1"},"runtime":"nodejs20","buildId":"6135f6ce-2704-48b3-834f-6ce54c365c3e","buildEnvironmentVariables":{"GOOGLE_NODE_RUN_SCRIPTS":""},"buildName":"projects/854756492452/locations/us-central1/builds/6135f6ce-2704-48b3-834f-6ce54c365c3e","dockerRegistry":"ARTIFACT_REGISTRY","automaticUpdatePolicy":{},"buildServiceAccount":"projects/proofbox-5f16e/serviceAccounts/854756492452-compute@developer.gserviceaccount.com"},"versionId":"2","updateTime":"2025-09-14T21:09:42Z"}}
[debug] [2025-09-14T21:09:42.573Z] Checked if tokens are valid: true, expires at: 1757887764135
[debug] [2025-09-14T21:09:42.573Z] Checked if tokens are valid: true, expires at: 1757887764135
[debug] [2025-09-14T21:09:42.574Z] >>> [apiv2][query] GET https://cloudfunctions.googleapis.com/v1/operations/cHJvb2Zib3gtNWYxNmUvdXMtY2VudHJhbDEvc2VuZER1ZVJlbWluZGVyc1YxL2luUjQ0VHI2b0dN [none]
[debug] [2025-09-14T21:09:42.766Z] <<< [apiv2][status] GET https://cloudfunctions.googleapis.com/v1/operations/cHJvb2Zib3gtNWYxNmUvdXMtY2VudHJhbDEvc2VuZER1ZVJlbWluZGVyc1YxL2luUjQ0VHI2b0dN 200
[debug] [2025-09-14T21:09:42.766Z] <<< [apiv2][body] GET https://cloudfunctions.googleapis.com/v1/operations/cHJvb2Zib3gtNWYxNmUvdXMtY2VudHJhbDEvc2VuZER1ZVJlbWluZGVyc1YxL2luUjQ0VHI2b0dN {"name":"operations/cHJvb2Zib3gtNWYxNmUvdXMtY2VudHJhbDEvc2VuZER1ZVJlbWluZGVyc1YxL2luUjQ0VHI2b0dN","metadata":{"@type":"type.googleapis.com/google.cloud.functions.v1.OperationMetadataV1","target":"projects/proofbox-5f16e/locations/us-central1/functions/sendDueRemindersV1","type":"UPDATE_FUNCTION","request":{"@type":"type.googleapis.com/google.cloud.functions.v1.CloudFunction","name":"projects/proofbox-5f16e/locations/us-central1/functions/sendDueRemindersV1","eventTrigger":{"eventType":"google.pubsub.topic.publish","resource":"projects/proofbox-5f16e/topics/firebase-schedule-sendDueRemindersV1-us-central1","service":"pubsub.googleapis.com","failurePolicy":{}},"status":"OFFLINE","entryPoint":"sendDueRemindersV1","updateTime":"2025-09-14T20:53:02.671Z","versionId":"1","labels":{"deployment-tool":"cli-firebase","deployment-scheduled":"true","firebase-functions-hash":"ca91c03223326cc109033ab6f5f4d0fa74e2e09b"},"sourceUploadUrl":"https://storage.googleapis.com/uploads-87004785998.us-central1.cloudfunctions.appspot.com/4b8a6a45-7ea9-48d2-ad05-0efe93d81ccf.zip?GoogleAccessId=service-854756492452@gcf-admin-robot.iam.gserviceaccount.com&Expires=1757885977&Signature=GqKTEDAJAk2lwotbjg9l6iXqiRZ7%2BkduICZTL%2Fs1b%2F%2Bt3mm%2BfDAAMKg80dWSUxFiVZoHFkqksE2lSzpLXp3CrSERROEHCoHx4g%2BcmWGgknyB3ajKfYjMkfW%2B9YKuUh9CTG8ZSZgye47PFxR8QLgLccmUa5kxRVc6o7zGhIIKJedoc6LrxkwoEJnnx7bh6d7%2FZ%2BzFf0fSJmJYvVK9L8guWsaWXgQZmWlAuXXKupQdMN6Ys1UmKYu3sQiyMojFMZqI4x8RDVWF4RHaAdCHvfd3UufurQWn0ikmRE7TwpnMnNcW%2F%2FGROY8vzHaF2JA7TpbPvotDAUkXBUQSnS3W1EQ%2BLg%3D%3D","environmentVariables":{"FIREBASE_CONFIG":"{\"projectId\":\"proofbox-5f16e\",\"storageBucket\":\"proofbox-5f16e.firebasestorage.app\"}","GCLOUD_PROJECT":"proofbox-5f16e","EVENTARC_CLOUD_EVENT_SOURCE":"projects/proofbox-5f16e/locations/us-central1/functions/sendDueRemindersV1"},"runtime":"nodejs20","buildId":"6135f6ce-2704-48b3-834f-6ce54c365c3e","buildEnvironmentVariables":{"GOOGLE_NODE_RUN_SCRIPTS":""},"buildName":"projects/854756492452/locations/us-central1/builds/6135f6ce-2704-48b3-834f-6ce54c365c3e","dockerRegistry":"ARTIFACT_REGISTRY","automaticUpdatePolicy":{},"buildServiceAccount":"projects/proofbox-5f16e/serviceAccounts/854756492452-compute@developer.gserviceaccount.com"},"versionId":"2","updateTime":"2025-09-14T21:09:42Z"}}
[debug] [2025-09-14T21:09:43.139Z] <<< [apiv2][status] DELETE https://cloudscheduler.googleapis.com/v1/projects/proofbox-5f16e/locations/us-central1/jobs/firebase-schedule-sendDueReminders-europe-west1 404
[debug] [2025-09-14T21:09:43.139Z] <<< [apiv2][body] DELETE https://cloudscheduler.googleapis.com/v1/projects/proofbox-5f16e/locations/us-central1/jobs/firebase-schedule-sendDueReminders-europe-west1 {"error":{"code":404,"message":"Job not found.","status":"NOT_FOUND"}}
[error] Request to https://cloudscheduler.googleapis.com/v1/projects/proofbox-5f16e/locations/us-central1/jobs/firebase-schedule-sendDueReminders-europe-west1 had HTTP Error: 404, Job not found.
[debug] [2025-09-14T21:09:43.277Z] [update-default-us-central1-sendDueRemindersV1] Retrying task index 0
[debug] [2025-09-14T21:09:43.277Z] Checked if tokens are valid: true, expires at: 1757887764135
[debug] [2025-09-14T21:09:43.277Z] Checked if tokens are valid: true, expires at: 1757887764135
[debug] [2025-09-14T21:09:43.277Z] >>> [apiv2][query] GET https://cloudfunctions.googleapis.com/v1/operations/cHJvb2Zib3gtNWYxNmUvdXMtY2VudHJhbDEvc2VuZER1ZVJlbWluZGVyc1YxL2luUjQ0VHI2b0dN [none]
[debug] [2025-09-14T21:09:43.468Z] <<< [apiv2][status] GET https://cloudfunctions.googleapis.com/v1/operations/cHJvb2Zib3gtNWYxNmUvdXMtY2VudHJhbDEvc2VuZER1ZVJlbWluZGVyc1YxL2luUjQ0VHI2b0dN 200
[debug] [2025-09-14T21:09:43.468Z] <<< [apiv2][body] GET https://cloudfunctions.googleapis.com/v1/operations/cHJvb2Zib3gtNWYxNmUvdXMtY2VudHJhbDEvc2VuZER1ZVJlbWluZGVyc1YxL2luUjQ0VHI2b0dN {"name":"operations/cHJvb2Zib3gtNWYxNmUvdXMtY2VudHJhbDEvc2VuZER1ZVJlbWluZGVyc1YxL2luUjQ0VHI2b0dN","metadata":{"@type":"type.googleapis.com/google.cloud.functions.v1.OperationMetadataV1","target":"projects/proofbox-5f16e/locations/us-central1/functions/sendDueRemindersV1","type":"UPDATE_FUNCTION","request":{"@type":"type.googleapis.com/google.cloud.functions.v1.CloudFunction","name":"projects/proofbox-5f16e/locations/us-central1/functions/sendDueRemindersV1","eventTrigger":{"eventType":"google.pubsub.topic.publish","resource":"projects/proofbox-5f16e/topics/firebase-schedule-sendDueRemindersV1-us-central1","service":"pubsub.googleapis.com","failurePolicy":{}},"status":"OFFLINE","entryPoint":"sendDueRemindersV1","updateTime":"2025-09-14T20:53:02.671Z","versionId":"1","labels":{"deployment-tool":"cli-firebase","deployment-scheduled":"true","firebase-functions-hash":"ca91c03223326cc109033ab6f5f4d0fa74e2e09b"},"sourceUploadUrl":"https://storage.googleapis.com/uploads-87004785998.us-central1.cloudfunctions.appspot.com/4b8a6a45-7ea9-48d2-ad05-0efe93d81ccf.zip?GoogleAccessId=service-854756492452@gcf-admin-robot.iam.gserviceaccount.com&Expires=1757885977&Signature=GqKTEDAJAk2lwotbjg9l6iXqiRZ7%2BkduICZTL%2Fs1b%2F%2Bt3mm%2BfDAAMKg80dWSUxFiVZoHFkqksE2lSzpLXp3CrSERROEHCoHx4g%2BcmWGgknyB3ajKfYjMkfW%2B9YKuUh9CTG8ZSZgye47PFxR8QLgLccmUa5kxRVc6o7zGhIIKJedoc6LrxkwoEJnnx7bh6d7%2FZ%2BzFf0fSJmJYvVK9L8guWsaWXgQZmWlAuXXKupQdMN6Ys1UmKYu3sQiyMojFMZqI4x8RDVWF4RHaAdCHvfd3UufurQWn0ikmRE7TwpnMnNcW%2F%2FGROY8vzHaF2JA7TpbPvotDAUkXBUQSnS3W1EQ%2BLg%3D%3D","environmentVariables":{"FIREBASE_CONFIG":"{\"projectId\":\"proofbox-5f16e\",\"storageBucket\":\"proofbox-5f16e.firebasestorage.app\"}","GCLOUD_PROJECT":"proofbox-5f16e","EVENTARC_CLOUD_EVENT_SOURCE":"projects/proofbox-5f16e/locations/us-central1/functions/sendDueRemindersV1"},"runtime":"nodejs20","buildId":"6135f6ce-2704-48b3-834f-6ce54c365c3e","buildEnvironmentVariables":{"GOOGLE_NODE_RUN_SCRIPTS":""},"buildName":"projects/854756492452/locations/us-central1/builds/6135f6ce-2704-48b3-834f-6ce54c365c3e","dockerRegistry":"ARTIFACT_REGISTRY","automaticUpdatePolicy":{},"buildServiceAccount":"projects/proofbox-5f16e/serviceAccounts/854756492452-compute@developer.gserviceaccount.com"},"versionId":"2","updateTime":"2025-09-14T21:09:42Z","buildId":"c7382b56-8965-4c6a-a5f3-78a19a70d6ec","buildName":"projects/854756492452/locations/us-central1/builds/c7382b56-8965-4c6a-a5f3-78a19a70d6ec"}}
[debug] [2025-09-14T21:09:44.471Z] [update-default-us-central1-sendDueRemindersV1] Retrying task index 0
[debug] [2025-09-14T21:09:44.471Z] Checked if tokens are valid: true, expires at: 1757887764135
[debug] [2025-09-14T21:09:44.471Z] Checked if tokens are valid: true, expires at: 1757887764135
[debug] [2025-09-14T21:09:44.471Z] >>> [apiv2][query] GET https://cloudfunctions.googleapis.com/v1/operations/cHJvb2Zib3gtNWYxNmUvdXMtY2VudHJhbDEvc2VuZER1ZVJlbWluZGVyc1YxL2luUjQ0VHI2b0dN [none]
[debug] [2025-09-14T21:09:44.639Z] <<< [apiv2][status] GET https://cloudfunctions.googleapis.com/v1/operations/cHJvb2Zib3gtNWYxNmUvdXMtY2VudHJhbDEvc2VuZER1ZVJlbWluZGVyc1YxL2luUjQ0VHI2b0dN 200
[debug] [2025-09-14T21:09:44.639Z] <<< [apiv2][body] GET https://cloudfunctions.googleapis.com/v1/operations/cHJvb2Zib3gtNWYxNmUvdXMtY2VudHJhbDEvc2VuZER1ZVJlbWluZGVyc1YxL2luUjQ0VHI2b0dN {"name":"operations/cHJvb2Zib3gtNWYxNmUvdXMtY2VudHJhbDEvc2VuZER1ZVJlbWluZGVyc1YxL2luUjQ0VHI2b0dN","metadata":{"@type":"type.googleapis.com/google.cloud.functions.v1.OperationMetadataV1","target":"projects/proofbox-5f16e/locations/us-central1/functions/sendDueRemindersV1","type":"UPDATE_FUNCTION","request":{"@type":"type.googleapis.com/google.cloud.functions.v1.CloudFunction","name":"projects/proofbox-5f16e/locations/us-central1/functions/sendDueRemindersV1","eventTrigger":{"eventType":"google.pubsub.topic.publish","resource":"projects/proofbox-5f16e/topics/firebase-schedule-sendDueRemindersV1-us-central1","service":"pubsub.googleapis.com","failurePolicy":{}},"status":"OFFLINE","entryPoint":"sendDueRemindersV1","updateTime":"2025-09-14T20:53:02.671Z","versionId":"1","labels":{"deployment-tool":"cli-firebase","deployment-scheduled":"true","firebase-functions-hash":"ca91c03223326cc109033ab6f5f4d0fa74e2e09b"},"sourceUploadUrl":"https://storage.googleapis.com/uploads-87004785998.us-central1.cloudfunctions.appspot.com/4b8a6a45-7ea9-48d2-ad05-0efe93d81ccf.zip?GoogleAccessId=service-854756492452@gcf-admin-robot.iam.gserviceaccount.com&Expires=1757885977&Signature=GqKTEDAJAk2lwotbjg9l6iXqiRZ7%2BkduICZTL%2Fs1b%2F%2Bt3mm%2BfDAAMKg80dWSUxFiVZoHFkqksE2lSzpLXp3CrSERROEHCoHx4g%2BcmWGgknyB3ajKfYjMkfW%2B9YKuUh9CTG8ZSZgye47PFxR8QLgLccmUa5kxRVc6o7zGhIIKJedoc6LrxkwoEJnnx7bh6d7%2FZ%2BzFf0fSJmJYvVK9L8guWsaWXgQZmWlAuXXKupQdMN6Ys1UmKYu3sQiyMojFMZqI4x8RDVWF4RHaAdCHvfd3UufurQWn0ikmRE7TwpnMnNcW%2F%2FGROY8vzHaF2JA7TpbPvotDAUkXBUQSnS3W1EQ%2BLg%3D%3D","environmentVariables":{"FIREBASE_CONFIG":"{\"projectId\":\"proofbox-5f16e\",\"storageBucket\":\"proofbox-5f16e.firebasestorage.app\"}","GCLOUD_PROJECT":"proofbox-5f16e","EVENTARC_CLOUD_EVENT_SOURCE":"projects/proofbox-5f16e/locations/us-central1/functions/sendDueRemindersV1"},"runtime":"nodejs20","buildId":"6135f6ce-2704-48b3-834f-6ce54c365c3e","buildEnvironmentVariables":{"GOOGLE_NODE_RUN_SCRIPTS":""},"buildName":"projects/854756492452/locations/us-central1/builds/6135f6ce-2704-48b3-834f-6ce54c365c3e","dockerRegistry":"ARTIFACT_REGISTRY","automaticUpdatePolicy":{},"buildServiceAccount":"projects/proofbox-5f16e/serviceAccounts/854756492452-compute@developer.gserviceaccount.com"},"versionId":"2","updateTime":"2025-09-14T21:09:42Z","buildId":"c7382b56-8965-4c6a-a5f3-78a19a70d6ec","buildName":"projects/854756492452/locations/us-central1/builds/c7382b56-8965-4c6a-a5f3-78a19a70d6ec"}}
[debug] [2025-09-14T21:09:46.644Z] [update-default-us-central1-sendDueRemindersV1] Retrying task index 0
[debug] [2025-09-14T21:09:46.645Z] Checked if tokens are valid: true, expires at: 1757887764135
[debug] [2025-09-14T21:09:46.645Z] Checked if tokens are valid: true, expires at: 1757887764135
[debug] [2025-09-14T21:09:46.646Z] >>> [apiv2][query] GET https://cloudfunctions.googleapis.com/v1/operations/cHJvb2Zib3gtNWYxNmUvdXMtY2VudHJhbDEvc2VuZER1ZVJlbWluZGVyc1YxL2luUjQ0VHI2b0dN [none]
[debug] [2025-09-14T21:09:46.662Z] <<< [apiv2][status] DELETE https://cloudscheduler.googleapis.com/v1/projects/proofbox-5f16e/locations/us-central1/jobs/firebase-schedule-sendDueReminders-us-central1 404
[debug] [2025-09-14T21:09:46.662Z] <<< [apiv2][body] DELETE https://cloudscheduler.googleapis.com/v1/projects/proofbox-5f16e/locations/us-central1/jobs/firebase-schedule-sendDueReminders-us-central1 {"error":{"code":404,"message":"Job not found.","status":"NOT_FOUND"}}
[error] Request to https://cloudscheduler.googleapis.com/v1/projects/proofbox-5f16e/locations/us-central1/jobs/firebase-schedule-sendDueReminders-us-central1 had HTTP Error: 404, Job not found.
[debug] [2025-09-14T21:09:46.810Z] <<< [apiv2][status] GET https://cloudfunctions.googleapis.com/v1/operations/cHJvb2Zib3gtNWYxNmUvdXMtY2VudHJhbDEvc2VuZER1ZVJlbWluZGVyc1YxL2luUjQ0VHI2b0dN 200
[debug] [2025-09-14T21:09:46.810Z] <<< [apiv2][body] GET https://cloudfunctions.googleapis.com/v1/operations/cHJvb2Zib3gtNWYxNmUvdXMtY2VudHJhbDEvc2VuZER1ZVJlbWluZGVyc1YxL2luUjQ0VHI2b0dN {"name":"operations/cHJvb2Zib3gtNWYxNmUvdXMtY2VudHJhbDEvc2VuZER1ZVJlbWluZGVyc1YxL2luUjQ0VHI2b0dN","metadata":{"@type":"type.googleapis.com/google.cloud.functions.v1.OperationMetadataV1","target":"projects/proofbox-5f16e/locations/us-central1/functions/sendDueRemindersV1","type":"UPDATE_FUNCTION","request":{"@type":"type.googleapis.com/google.cloud.functions.v1.CloudFunction","name":"projects/proofbox-5f16e/locations/us-central1/functions/sendDueRemindersV1","eventTrigger":{"eventType":"google.pubsub.topic.publish","resource":"projects/proofbox-5f16e/topics/firebase-schedule-sendDueRemindersV1-us-central1","service":"pubsub.googleapis.com","failurePolicy":{}},"status":"OFFLINE","entryPoint":"sendDueRemindersV1","updateTime":"2025-09-14T20:53:02.671Z","versionId":"1","labels":{"deployment-tool":"cli-firebase","deployment-scheduled":"true","firebase-functions-hash":"ca91c03223326cc109033ab6f5f4d0fa74e2e09b"},"sourceUploadUrl":"https://storage.googleapis.com/uploads-87004785998.us-central1.cloudfunctions.appspot.com/4b8a6a45-7ea9-48d2-ad05-0efe93d81ccf.zip?GoogleAccessId=service-854756492452@gcf-admin-robot.iam.gserviceaccount.com&Expires=1757885977&Signature=GqKTEDAJAk2lwotbjg9l6iXqiRZ7%2BkduICZTL%2Fs1b%2F%2Bt3mm%2BfDAAMKg80dWSUxFiVZoHFkqksE2lSzpLXp3CrSERROEHCoHx4g%2BcmWGgknyB3ajKfYjMkfW%2B9YKuUh9CTG8ZSZgye47PFxR8QLgLccmUa5kxRVc6o7zGhIIKJedoc6LrxkwoEJnnx7bh6d7%2FZ%2BzFf0fSJmJYvVK9L8guWsaWXgQZmWlAuXXKupQdMN6Ys1UmKYu3sQiyMojFMZqI4x8RDVWF4RHaAdCHvfd3UufurQWn0ikmRE7TwpnMnNcW%2F%2FGROY8vzHaF2JA7TpbPvotDAUkXBUQSnS3W1EQ%2BLg%3D%3D","environmentVariables":{"FIREBASE_CONFIG":"{\"projectId\":\"proofbox-5f16e\",\"storageBucket\":\"proofbox-5f16e.firebasestorage.app\"}","GCLOUD_PROJECT":"proofbox-5f16e","EVENTARC_CLOUD_EVENT_SOURCE":"projects/proofbox-5f16e/locations/us-central1/functions/sendDueRemindersV1"},"runtime":"nodejs20","buildId":"6135f6ce-2704-48b3-834f-6ce54c365c3e","buildEnvironmentVariables":{"GOOGLE_NODE_RUN_SCRIPTS":""},"buildName":"projects/854756492452/locations/us-central1/builds/6135f6ce-2704-48b3-834f-6ce54c365c3e","dockerRegistry":"ARTIFACT_REGISTRY","automaticUpdatePolicy":{},"buildServiceAccount":"projects/proofbox-5f16e/serviceAccounts/854756492452-compute@developer.gserviceaccount.com"},"versionId":"2","updateTime":"2025-09-14T21:09:42Z","buildId":"c7382b56-8965-4c6a-a5f3-78a19a70d6ec","buildName":"projects/854756492452/locations/us-central1/builds/c7382b56-8965-4c6a-a5f3-78a19a70d6ec"}}
[debug] [2025-09-14T21:09:50.819Z] [update-default-us-central1-sendDueRemindersV1] Retrying task index 0
[debug] [2025-09-14T21:09:50.819Z] Checked if tokens are valid: true, expires at: 1757887764135
[debug] [2025-09-14T21:09:50.819Z] Checked if tokens are valid: true, expires at: 1757887764135
[debug] [2025-09-14T21:09:50.820Z] >>> [apiv2][query] GET https://cloudfunctions.googleapis.com/v1/operations/cHJvb2Zib3gtNWYxNmUvdXMtY2VudHJhbDEvc2VuZER1ZVJlbWluZGVyc1YxL2luUjQ0VHI2b0dN [none]
[debug] [2025-09-14T21:09:51.026Z] <<< [apiv2][status] GET https://cloudfunctions.googleapis.com/v1/operations/cHJvb2Zib3gtNWYxNmUvdXMtY2VudHJhbDEvc2VuZER1ZVJlbWluZGVyc1YxL2luUjQ0VHI2b0dN 200
[debug] [2025-09-14T21:09:51.026Z] <<< [apiv2][body] GET https://cloudfunctions.googleapis.com/v1/operations/cHJvb2Zib3gtNWYxNmUvdXMtY2VudHJhbDEvc2VuZER1ZVJlbWluZGVyc1YxL2luUjQ0VHI2b0dN {"name":"operations/cHJvb2Zib3gtNWYxNmUvdXMtY2VudHJhbDEvc2VuZER1ZVJlbWluZGVyc1YxL2luUjQ0VHI2b0dN","metadata":{"@type":"type.googleapis.com/google.cloud.functions.v1.OperationMetadataV1","target":"projects/proofbox-5f16e/locations/us-central1/functions/sendDueRemindersV1","type":"UPDATE_FUNCTION","request":{"@type":"type.googleapis.com/google.cloud.functions.v1.CloudFunction","name":"projects/proofbox-5f16e/locations/us-central1/functions/sendDueRemindersV1","eventTrigger":{"eventType":"google.pubsub.topic.publish","resource":"projects/proofbox-5f16e/topics/firebase-schedule-sendDueRemindersV1-us-central1","service":"pubsub.googleapis.com","failurePolicy":{}},"status":"OFFLINE","entryPoint":"sendDueRemindersV1","updateTime":"2025-09-14T20:53:02.671Z","versionId":"1","labels":{"deployment-tool":"cli-firebase","deployment-scheduled":"true","firebase-functions-hash":"ca91c03223326cc109033ab6f5f4d0fa74e2e09b"},"sourceUploadUrl":"https://storage.googleapis.com/uploads-87004785998.us-central1.cloudfunctions.appspot.com/4b8a6a45-7ea9-48d2-ad05-0efe93d81ccf.zip?GoogleAccessId=service-854756492452@gcf-admin-robot.iam.gserviceaccount.com&Expires=1757885977&Signature=GqKTEDAJAk2lwotbjg9l6iXqiRZ7%2BkduICZTL%2Fs1b%2F%2Bt3mm%2BfDAAMKg80dWSUxFiVZoHFkqksE2lSzpLXp3CrSERROEHCoHx4g%2BcmWGgknyB3ajKfYjMkfW%2B9YKuUh9CTG8ZSZgye47PFxR8QLgLccmUa5kxRVc6o7zGhIIKJedoc6LrxkwoEJnnx7bh6d7%2FZ%2BzFf0fSJmJYvVK9L8guWsaWXgQZmWlAuXXKupQdMN6Ys1UmKYu3sQiyMojFMZqI4x8RDVWF4RHaAdCHvfd3UufurQWn0ikmRE7TwpnMnNcW%2F%2FGROY8vzHaF2JA7TpbPvotDAUkXBUQSnS3W1EQ%2BLg%3D%3D","environmentVariables":{"FIREBASE_CONFIG":"{\"projectId\":\"proofbox-5f16e\",\"storageBucket\":\"proofbox-5f16e.firebasestorage.app\"}","GCLOUD_PROJECT":"proofbox-5f16e","EVENTARC_CLOUD_EVENT_SOURCE":"projects/proofbox-5f16e/locations/us-central1/functions/sendDueRemindersV1"},"runtime":"nodejs20","buildId":"6135f6ce-2704-48b3-834f-6ce54c365c3e","buildEnvironmentVariables":{"GOOGLE_NODE_RUN_SCRIPTS":""},"buildName":"projects/854756492452/locations/us-central1/builds/6135f6ce-2704-48b3-834f-6ce54c365c3e","dockerRegistry":"ARTIFACT_REGISTRY","automaticUpdatePolicy":{},"buildServiceAccount":"projects/proofbox-5f16e/serviceAccounts/854756492452-compute@developer.gserviceaccount.com"},"versionId":"2","updateTime":"2025-09-14T21:09:42Z","buildId":"c7382b56-8965-4c6a-a5f3-78a19a70d6ec","buildName":"projects/854756492452/locations/us-central1/builds/c7382b56-8965-4c6a-a5f3-78a19a70d6ec"}}
[debug] [2025-09-14T21:09:59.031Z] [update-default-us-central1-sendDueRemindersV1] Retrying task index 0
[debug] [2025-09-14T21:09:59.031Z] Checked if tokens are valid: true, expires at: 1757887764135
[debug] [2025-09-14T21:09:59.031Z] Checked if tokens are valid: true, expires at: 1757887764135
[debug] [2025-09-14T21:09:59.032Z] >>> [apiv2][query] GET https://cloudfunctions.googleapis.com/v1/operations/cHJvb2Zib3gtNWYxNmUvdXMtY2VudHJhbDEvc2VuZER1ZVJlbWluZGVyc1YxL2luUjQ0VHI2b0dN [none]
[debug] [2025-09-14T21:09:59.266Z] <<< [apiv2][status] GET https://cloudfunctions.googleapis.com/v1/operations/cHJvb2Zib3gtNWYxNmUvdXMtY2VudHJhbDEvc2VuZER1ZVJlbWluZGVyc1YxL2luUjQ0VHI2b0dN 200
[debug] [2025-09-14T21:09:59.266Z] <<< [apiv2][body] GET https://cloudfunctions.googleapis.com/v1/operations/cHJvb2Zib3gtNWYxNmUvdXMtY2VudHJhbDEvc2VuZER1ZVJlbWluZGVyc1YxL2luUjQ0VHI2b0dN {"name":"operations/cHJvb2Zib3gtNWYxNmUvdXMtY2VudHJhbDEvc2VuZER1ZVJlbWluZGVyc1YxL2luUjQ0VHI2b0dN","metadata":{"@type":"type.googleapis.com/google.cloud.functions.v1.OperationMetadataV1","target":"projects/proofbox-5f16e/locations/us-central1/functions/sendDueRemindersV1","type":"UPDATE_FUNCTION","request":{"@type":"type.googleapis.com/google.cloud.functions.v1.CloudFunction","name":"projects/proofbox-5f16e/locations/us-central1/functions/sendDueRemindersV1","eventTrigger":{"eventType":"google.pubsub.topic.publish","resource":"projects/proofbox-5f16e/topics/firebase-schedule-sendDueRemindersV1-us-central1","service":"pubsub.googleapis.com","failurePolicy":{}},"status":"OFFLINE","entryPoint":"sendDueRemindersV1","updateTime":"2025-09-14T20:53:02.671Z","versionId":"1","labels":{"deployment-tool":"cli-firebase","deployment-scheduled":"true","firebase-functions-hash":"ca91c03223326cc109033ab6f5f4d0fa74e2e09b"},"sourceUploadUrl":"https://storage.googleapis.com/uploads-87004785998.us-central1.cloudfunctions.appspot.com/4b8a6a45-7ea9-48d2-ad05-0efe93d81ccf.zip?GoogleAccessId=service-854756492452@gcf-admin-robot.iam.gserviceaccount.com&Expires=1757885977&Signature=GqKTEDAJAk2lwotbjg9l6iXqiRZ7%2BkduICZTL%2Fs1b%2F%2Bt3mm%2BfDAAMKg80dWSUxFiVZoHFkqksE2lSzpLXp3CrSERROEHCoHx4g%2BcmWGgknyB3ajKfYjMkfW%2B9YKuUh9CTG8ZSZgye47PFxR8QLgLccmUa5kxRVc6o7zGhIIKJedoc6LrxkwoEJnnx7bh6d7%2FZ%2BzFf0fSJmJYvVK9L8guWsaWXgQZmWlAuXXKupQdMN6Ys1UmKYu3sQiyMojFMZqI4x8RDVWF4RHaAdCHvfd3UufurQWn0ikmRE7TwpnMnNcW%2F%2FGROY8vzHaF2JA7TpbPvotDAUkXBUQSnS3W1EQ%2BLg%3D%3D","environmentVariables":{"FIREBASE_CONFIG":"{\"projectId\":\"proofbox-5f16e\",\"storageBucket\":\"proofbox-5f16e.firebasestorage.app\"}","GCLOUD_PROJECT":"proofbox-5f16e","EVENTARC_CLOUD_EVENT_SOURCE":"projects/proofbox-5f16e/locations/us-central1/functions/sendDueRemindersV1"},"runtime":"nodejs20","buildId":"6135f6ce-2704-48b3-834f-6ce54c365c3e","buildEnvironmentVariables":{"GOOGLE_NODE_RUN_SCRIPTS":""},"buildName":"projects/854756492452/locations/us-central1/builds/6135f6ce-2704-48b3-834f-6ce54c365c3e","dockerRegistry":"ARTIFACT_REGISTRY","automaticUpdatePolicy":{},"buildServiceAccount":"projects/proofbox-5f16e/serviceAccounts/854756492452-compute@developer.gserviceaccount.com"},"versionId":"2","updateTime":"2025-09-14T21:09:42Z","buildId":"c7382b56-8965-4c6a-a5f3-78a19a70d6ec","buildName":"projects/854756492452/locations/us-central1/builds/c7382b56-8965-4c6a-a5f3-78a19a70d6ec"}}
[debug] [2025-09-14T21:10:09.277Z] [update-default-us-central1-sendDueRemindersV1] Retrying task index 0
[debug] [2025-09-14T21:10:09.278Z] Checked if tokens are valid: true, expires at: 1757887764135
[debug] [2025-09-14T21:10:09.278Z] Checked if tokens are valid: true, expires at: 1757887764135
[debug] [2025-09-14T21:10:09.278Z] >>> [apiv2][query] GET https://cloudfunctions.googleapis.com/v1/operations/cHJvb2Zib3gtNWYxNmUvdXMtY2VudHJhbDEvc2VuZER1ZVJlbWluZGVyc1YxL2luUjQ0VHI2b0dN [none]
[debug] [2025-09-14T21:10:09.487Z] <<< [apiv2][status] GET https://cloudfunctions.googleapis.com/v1/operations/cHJvb2Zib3gtNWYxNmUvdXMtY2VudHJhbDEvc2VuZER1ZVJlbWluZGVyc1YxL2luUjQ0VHI2b0dN 200
[debug] [2025-09-14T21:10:09.488Z] <<< [apiv2][body] GET https://cloudfunctions.googleapis.com/v1/operations/cHJvb2Zib3gtNWYxNmUvdXMtY2VudHJhbDEvc2VuZER1ZVJlbWluZGVyc1YxL2luUjQ0VHI2b0dN {"name":"operations/cHJvb2Zib3gtNWYxNmUvdXMtY2VudHJhbDEvc2VuZER1ZVJlbWluZGVyc1YxL2luUjQ0VHI2b0dN","metadata":{"@type":"type.googleapis.com/google.cloud.functions.v1.OperationMetadataV1","target":"projects/proofbox-5f16e/locations/us-central1/functions/sendDueRemindersV1","type":"UPDATE_FUNCTION","request":{"@type":"type.googleapis.com/google.cloud.functions.v1.CloudFunction","name":"projects/proofbox-5f16e/locations/us-central1/functions/sendDueRemindersV1","eventTrigger":{"eventType":"google.pubsub.topic.publish","resource":"projects/proofbox-5f16e/topics/firebase-schedule-sendDueRemindersV1-us-central1","service":"pubsub.googleapis.com","failurePolicy":{}},"status":"OFFLINE","entryPoint":"sendDueRemindersV1","updateTime":"2025-09-14T20:53:02.671Z","versionId":"1","labels":{"deployment-tool":"cli-firebase","deployment-scheduled":"true","firebase-functions-hash":"ca91c03223326cc109033ab6f5f4d0fa74e2e09b"},"sourceUploadUrl":"https://storage.googleapis.com/uploads-87004785998.us-central1.cloudfunctions.appspot.com/4b8a6a45-7ea9-48d2-ad05-0efe93d81ccf.zip?GoogleAccessId=service-854756492452@gcf-admin-robot.iam.gserviceaccount.com&Expires=1757885977&Signature=GqKTEDAJAk2lwotbjg9l6iXqiRZ7%2BkduICZTL%2Fs1b%2F%2Bt3mm%2BfDAAMKg80dWSUxFiVZoHFkqksE2lSzpLXp3CrSERROEHCoHx4g%2BcmWGgknyB3ajKfYjMkfW%2B9YKuUh9CTG8ZSZgye47PFxR8QLgLccmUa5kxRVc6o7zGhIIKJedoc6LrxkwoEJnnx7bh6d7%2FZ%2BzFf0fSJmJYvVK9L8guWsaWXgQZmWlAuXXKupQdMN6Ys1UmKYu3sQiyMojFMZqI4x8RDVWF4RHaAdCHvfd3UufurQWn0ikmRE7TwpnMnNcW%2F%2FGROY8vzHaF2JA7TpbPvotDAUkXBUQSnS3W1EQ%2BLg%3D%3D","environmentVariables":{"FIREBASE_CONFIG":"{\"projectId\":\"proofbox-5f16e\",\"storageBucket\":\"proofbox-5f16e.firebasestorage.app\"}","GCLOUD_PROJECT":"proofbox-5f16e","EVENTARC_CLOUD_EVENT_SOURCE":"projects/proofbox-5f16e/locations/us-central1/functions/sendDueRemindersV1"},"runtime":"nodejs20","buildId":"6135f6ce-2704-48b3-834f-6ce54c365c3e","buildEnvironmentVariables":{"GOOGLE_NODE_RUN_SCRIPTS":""},"buildName":"projects/854756492452/locations/us-central1/builds/6135f6ce-2704-48b3-834f-6ce54c365c3e","dockerRegistry":"ARTIFACT_REGISTRY","automaticUpdatePolicy":{},"buildServiceAccount":"projects/proofbox-5f16e/serviceAccounts/854756492452-compute@developer.gserviceaccount.com"},"versionId":"2","updateTime":"2025-09-14T21:09:59Z","buildId":"c7382b56-8965-4c6a-a5f3-78a19a70d6ec","buildName":"projects/854756492452/locations/us-central1/builds/c7382b56-8965-4c6a-a5f3-78a19a70d6ec"},"done":true,"error":{"code":13,"message":"Build failed: Build error details not available.Please check the logs at https://console.cloud.google.com/cloud-build/builds;region=us-central1/c7382b56-8965-4c6a-a5f3-78a19a70d6ec?project=854756492452. Please visit https://cloud.google.com/functions/docs/troubleshooting#build for in-depth troubleshooting documentation for build related errors."}}
[debug] [2025-09-14T21:10:09.488Z] Got source token undefined for region us-central1
[error] Build failed: Build error details not available.Please check the logs at https://console.cloud.google.com/cloud-build/builds;region=us-central1/c7382b56-8965-4c6a-a5f3-78a19a70d6ec?project=854756492452. Please visit https://cloud.google.com/functions/docs/troubleshooting#build for in-depth troubleshooting documentation for build related errors.
[debug] [2025-09-14T21:10:09.491Z] Total Function Deployment time: 27381
[debug] [2025-09-14T21:10:09.491Z] 3 Functions Deployed
[debug] [2025-09-14T21:10:09.492Z] 3 Functions Errored
[debug] [2025-09-14T21:10:09.492Z] 0 Function Deployments Aborted
[debug] [2025-09-14T21:10:09.492Z] Average Function Deployment time: 10987.333333333334
[info] 
[info] Functions deploy had errors with the following functions:
	sendDueReminders(europe-west1)
	sendDueReminders(us-central1)
	sendDueRemindersV1(us-central1)
[debug] [2025-09-14T21:10:09.494Z] Checked if tokens are valid: true, expires at: 1757887764135
[debug] [2025-09-14T21:10:09.494Z] Checked if tokens are valid: true, expires at: 1757887764135
[debug] [2025-09-14T21:10:09.495Z] >>> [apiv2][query] GET https://artifactregistry.googleapis.com/v1/projects/proofbox-5f16e/locations/us-central1/repositories/gcf-artifacts [none]
[debug] [2025-09-14T21:10:10.304Z] <<< [apiv2][status] GET https://artifactregistry.googleapis.com/v1/projects/proofbox-5f16e/locations/us-central1/repositories/gcf-artifacts 200
[debug] [2025-09-14T21:10:10.304Z] <<< [apiv2][body] GET https://artifactregistry.googleapis.com/v1/projects/proofbox-5f16e/locations/us-central1/repositories/gcf-artifacts {"name":"projects/proofbox-5f16e/locations/us-central1/repositories/gcf-artifacts","format":"DOCKER","description":"This repository is created and used by Cloud Functions for storing function docker images.","labels":{"goog-managed-by":"cloudfunctions"},"createTime":"2025-09-14T19:44:03.846697Z","updateTime":"2025-09-14T19:45:28.401351Z","mode":"STANDARD_REPOSITORY","cleanupPolicies":{"firebase-functions-cleanup":{"id":"firebase-functions-cleanup","action":"DELETE","condition":{"tagState":"ANY","olderThan":"2592000s"}}},"vulnerabilityScanningConfig":{"lastEnableTime":"2025-09-14T19:43:55.200190027Z","enablementState":"SCANNING_DISABLED","enablementStateReason":"API containerscanning.googleapis.com is not enabled."},"satisfiesPzi":true,"registryUri":"us-central1-docker.pkg.dev/proofbox-5f16e/gcf-artifacts"}
[debug] [2025-09-14T21:10:10.304Z] Functions deploy failed.
[debug] [2025-09-14T21:10:10.304Z] {
  "endpoint": {
    "platform": "gcfv1",
    "id": "sendDueReminders",
    "project": "proofbox-5f16e",
    "region": "europe-west1",
    "scheduleTrigger": {},
    "entryPoint": "sendDueReminders",
    "runtime": "nodejs20",
    "maxInstances": 3000,
    "ingressSettings": "ALLOW_ALL",
    "labels": {
      "deployment-tool": "cli-firebase",
      "deployment-scheduled": "true",
      "firebase-functions-hash": "fd82d2221883480a3166dd7fdba69a44a492fae3"
    },
    "environmentVariables": {
      "FIREBASE_CONFIG": "{\"projectId\":\"proofbox-5f16e\",\"storageBucket\":\"proofbox-5f16e.firebasestorage.app\"}",
      "GCLOUD_PROJECT": "proofbox-5f16e",
      "EVENTARC_CLOUD_EVENT_SOURCE": "projects/proofbox-5f16e/locations/europe-west1/functions/sendDueReminders"
    },
    "sourceUploadUrl": "https://storage.googleapis.com/uploads-762971119087.europe-west1.cloudfunctions.appspot.com/5de6f9ec-520c-40f0-baa6-45d0599c24af.zip",
    "serviceAccount": "proofbox-5f16e@appspot.gserviceaccount.com",
    "availableMemoryMb": 256,
    "timeoutSeconds": 60,
    "codebase": "default",
    "hash": "fd82d2221883480a3166dd7fdba69a44a492fae3",
    "state": "FAILED"
  },
  "op": "delete schedule",
  "original": {
    "name": "FirebaseError",
    "children": [],
    "context": {
      "body": {
        "error": {
          "code": 404,
          "message": "Job not found.",
          "status": "NOT_FOUND"
        }
      },
      "response": {
        "statusCode": 404
      }
    },
    "exit": 1,
    "message": "Request to https://cloudscheduler.googleapis.com/v1/projects/proofbox-5f16e/locations/us-central1/jobs/firebase-schedule-sendDueReminders-europe-west1 had HTTP Error: 404, Job not found.",
    "status": 404,
    "code": 404
  }
}
[debug] [2025-09-14T21:10:10.304Z] {
  "endpoint": {
    "platform": "gcfv1",
    "id": "sendDueReminders",
    "project": "proofbox-5f16e",
    "region": "us-central1",
    "scheduleTrigger": {},
    "entryPoint": "sendDueReminders",
    "runtime": "nodejs20",
    "maxInstances": 3000,
    "ingressSettings": "ALLOW_ALL",
    "labels": {
      "deployment-tool": "cli-firebase",
      "deployment-scheduled": "true",
      "firebase-functions-hash": "7616f04e9ef38a721684d88964d3b58b3b5b946a"
    },
    "environmentVariables": {
      "FIREBASE_CONFIG": "{\"projectId\":\"proofbox-5f16e\",\"storageBucket\":\"proofbox-5f16e.firebasestorage.app\"}",
      "GCLOUD_PROJECT": "proofbox-5f16e",
      "EVENTARC_CLOUD_EVENT_SOURCE": "projects/proofbox-5f16e/locations/us-central1/functions/sendDueReminders"
    },
    "sourceUploadUrl": "https://storage.googleapis.com/uploads-87004785998.us-central1.cloudfunctions.appspot.com/70919e16-c497-4612-aa1a-f55274a0153c.zip",
    "serviceAccount": "proofbox-5f16e@appspot.gserviceaccount.com",
    "availableMemoryMb": 256,
    "timeoutSeconds": 60,
    "codebase": "default",
    "hash": "7616f04e9ef38a721684d88964d3b58b3b5b946a",
    "state": "FAILED"
  },
  "op": "delete schedule",
  "original": {
    "name": "FirebaseError",
    "children": [],
    "context": {
      "body": {
        "error": {
          "code": 404,
          "message": "Job not found.",
          "status": "NOT_FOUND"
        }
      },
      "response": {
        "statusCode": 404
      }
    },
    "exit": 1,
    "message": "Request to https://cloudscheduler.googleapis.com/v1/projects/proofbox-5f16e/locations/us-central1/jobs/firebase-schedule-sendDueReminders-us-central1 had HTTP Error: 404, Job not found.",
    "status": 404,
    "code": 404
  }
}
[debug] [2025-09-14T21:10:10.305Z] {
  "endpoint": {
    "id": "sendDueRemindersV1",
    "project": "proofbox-5f16e",
    "region": "us-central1",
    "entryPoint": "sendDueRemindersV1",
    "platform": "gcfv1",
    "runtime": "nodejs20",
    "scheduleTrigger": {
      "schedule": "every 1 minutes",
      "timeZone": "Europe/Paris",
      "retryConfig": {
        "maxBackoffSeconds": null,
        "minBackoffSeconds": null,
        "maxRetrySeconds": null,
        "retryCount": null,
        "maxDoublings": null
      }
    },
    "labels": {
      "deployment-tool": "cli-firebase"
    },
    "serviceAccount": null,
    "ingressSettings": null,
    "availableMemoryMb": null,
    "timeoutSeconds": null,
    "maxInstances": null,
    "minInstances": null,
    "vpc": null,
    "environmentVariables": {
      "FIREBASE_CONFIG": "{\"projectId\":\"proofbox-5f16e\",\"storageBucket\":\"proofbox-5f16e.firebasestorage.app\"}",
      "GCLOUD_PROJECT": "proofbox-5f16e",
      "EVENTARC_CLOUD_EVENT_SOURCE": "projects/proofbox-5f16e/locations/us-central1/functions/sendDueRemindersV1"
    },
    "codebase": "default",
    "securityLevel": "SECURE_ALWAYS",
    "targetedByOnly": false,
    "hash": "ca91c03223326cc109033ab6f5f4d0fa74e2e09b"
  },
  "op": "update",
  "original": {
    "name": "FirebaseError",
    "children": [],
    "exit": 1,
    "message": "Build failed: Build error details not available.Please check the logs at https://console.cloud.google.com/cloud-build/builds;region=us-central1/c7382b56-8965-4c6a-a5f3-78a19a70d6ec?project=854756492452. Please visit https://cloud.google.com/functions/docs/troubleshooting#build for in-depth troubleshooting documentation for build related errors.",
    "original": {
      "code": 13,
      "message": "Build failed: Build error details not available.Please check the logs at https://console.cloud.google.com/cloud-build/builds;region=us-central1/c7382b56-8965-4c6a-a5f3-78a19a70d6ec?project=854756492452. Please visit https://cloud.google.com/functions/docs/troubleshooting#build for in-depth troubleshooting documentation for build related errors."
    },
    "status": 13,
    "code": 13
  }
}
[error] Error: There was an error deploying functions:
[error] - Error Failed to delete schedule function sendDueReminders in region europe-west1
[error] - Error Failed to delete schedule function sendDueReminders in region us-central1
[error] - Error Failed to update function sendDueRemindersV1 in region us-central1
[debug] [2025-09-14T21:18:35.539Z] ----------------------------------------------------------------------
[debug] [2025-09-14T21:18:35.542Z] Command:       C:\Program Files\nodejs\node.exe C:\Users\conta\AppData\Roaming\npm\node_modules\firebase-tools\lib\bin\firebase.js deploy --only functions --project proofbox-5f16e
[debug] [2025-09-14T21:18:35.542Z] CLI Version:   14.12.0
[debug] [2025-09-14T21:18:35.542Z] Platform:      win32
[debug] [2025-09-14T21:18:35.542Z] Node Version:  v22.15.0
[debug] [2025-09-14T21:18:35.542Z] Time:          Sun Sep 14 2025 23:18:35 GMT+0200 (heure d’été d’Europe centrale)
[debug] [2025-09-14T21:18:35.543Z] ----------------------------------------------------------------------
[debug] 
[debug] [2025-09-14T21:18:35.707Z] > command requires scopes: ["email","openid","https://www.googleapis.com/auth/cloudplatformprojects.readonly","https://www.googleapis.com/auth/firebase","https://www.googleapis.com/auth/cloud-platform"]
[debug] [2025-09-14T21:18:35.708Z] > authorizing via signed-in user (contact@javachrist.fr)
[debug] [2025-09-14T21:18:35.708Z] [iam] checking project proofbox-5f16e for permissions ["cloudfunctions.functions.create","cloudfunctions.functions.delete","cloudfunctions.functions.get","cloudfunctions.functions.list","cloudfunctions.functions.update","cloudfunctions.operations.get","firebase.projects.get"]
[debug] [2025-09-14T21:18:35.709Z] Checked if tokens are valid: true, expires at: 1757887764135
[debug] [2025-09-14T21:18:35.709Z] Checked if tokens are valid: true, expires at: 1757887764135
[debug] [2025-09-14T21:18:35.710Z] >>> [apiv2][query] POST https://cloudresourcemanager.googleapis.com/v1/projects/proofbox-5f16e:testIamPermissions [none]
[debug] [2025-09-14T21:18:35.710Z] >>> [apiv2][(partial)header] POST https://cloudresourcemanager.googleapis.com/v1/projects/proofbox-5f16e:testIamPermissions x-goog-quota-user=projects/proofbox-5f16e
[debug] [2025-09-14T21:18:35.710Z] >>> [apiv2][body] POST https://cloudresourcemanager.googleapis.com/v1/projects/proofbox-5f16e:testIamPermissions {"permissions":["cloudfunctions.functions.create","cloudfunctions.functions.delete","cloudfunctions.functions.get","cloudfunctions.functions.list","cloudfunctions.functions.update","cloudfunctions.operations.get","firebase.projects.get"]}
[debug] [2025-09-14T21:18:36.468Z] <<< [apiv2][status] POST https://cloudresourcemanager.googleapis.com/v1/projects/proofbox-5f16e:testIamPermissions 200
[debug] [2025-09-14T21:18:36.468Z] <<< [apiv2][body] POST https://cloudresourcemanager.googleapis.com/v1/projects/proofbox-5f16e:testIamPermissions {"permissions":["cloudfunctions.functions.create","cloudfunctions.functions.delete","cloudfunctions.functions.get","cloudfunctions.functions.list","cloudfunctions.functions.update","cloudfunctions.operations.get","firebase.projects.get"]}
[debug] [2025-09-14T21:18:36.469Z] Checked if tokens are valid: true, expires at: 1757887764135
[debug] [2025-09-14T21:18:36.469Z] Checked if tokens are valid: true, expires at: 1757887764135
[debug] [2025-09-14T21:18:36.469Z] >>> [apiv2][query] POST https://iam.googleapis.com/v1/projects/proofbox-5f16e/serviceAccounts/proofbox-5f16e@appspot.gserviceaccount.com:testIamPermissions [none]
[debug] [2025-09-14T21:18:36.469Z] >>> [apiv2][body] POST https://iam.googleapis.com/v1/projects/proofbox-5f16e/serviceAccounts/proofbox-5f16e@appspot.gserviceaccount.com:testIamPermissions {"permissions":["iam.serviceAccounts.actAs"]}
[debug] [2025-09-14T21:18:37.129Z] <<< [apiv2][status] POST https://iam.googleapis.com/v1/projects/proofbox-5f16e/serviceAccounts/proofbox-5f16e@appspot.gserviceaccount.com:testIamPermissions 200
[debug] [2025-09-14T21:18:37.129Z] <<< [apiv2][body] POST https://iam.googleapis.com/v1/projects/proofbox-5f16e/serviceAccounts/proofbox-5f16e@appspot.gserviceaccount.com:testIamPermissions {"permissions":["iam.serviceAccounts.actAs"]}
[info] 
[info] === Deploying to 'proofbox-5f16e'...
[info] 
[info] i  deploying functions 
[debug] [2025-09-14T21:18:37.136Z] Checked if tokens are valid: true, expires at: 1757887764135
[debug] [2025-09-14T21:18:37.136Z] Checked if tokens are valid: true, expires at: 1757887764135
[debug] [2025-09-14T21:18:37.136Z] >>> [apiv2][query] GET https://cloudresourcemanager.googleapis.com/v1/projects/proofbox-5f16e [none]
[debug] [2025-09-14T21:18:37.323Z] <<< [apiv2][status] GET https://cloudresourcemanager.googleapis.com/v1/projects/proofbox-5f16e 200
[debug] [2025-09-14T21:18:37.323Z] <<< [apiv2][body] GET https://cloudresourcemanager.googleapis.com/v1/projects/proofbox-5f16e {"projectNumber":"854756492452","projectId":"proofbox-5f16e","lifecycleState":"ACTIVE","name":"ProofBox","labels":{"firebase":"enabled","firebase-core":"disabled"},"createTime":"2025-08-15T02:20:12.357684Z","parent":{"type":"organization","id":"294271354232"}}
[info] i  functions: preparing codebase default for deployment 
[info] i  functions: ensuring required API cloudfunctions.googleapis.com is enabled... 
[info] i  functions: ensuring required API cloudbuild.googleapis.com is enabled... 
[info] i  artifactregistry: ensuring required API artifactregistry.googleapis.com is enabled... 
[debug] [2025-09-14T21:18:37.325Z] Checked if tokens are valid: true, expires at: 1757887764135
[debug] [2025-09-14T21:18:37.325Z] Checked if tokens are valid: true, expires at: 1757887764135
[debug] [2025-09-14T21:18:37.325Z] >>> [apiv2][query] GET https://firebase.googleapis.com/v1beta1/projects/proofbox-5f16e/adminSdkConfig [none]
[debug] [2025-09-14T21:18:37.713Z] <<< [apiv2][status] GET https://firebase.googleapis.com/v1beta1/projects/proofbox-5f16e/adminSdkConfig 200
[debug] [2025-09-14T21:18:37.713Z] <<< [apiv2][body] GET https://firebase.googleapis.com/v1beta1/projects/proofbox-5f16e/adminSdkConfig {"projectId":"proofbox-5f16e","storageBucket":"proofbox-5f16e.firebasestorage.app"}
[debug] [2025-09-14T21:18:37.714Z] Checked if tokens are valid: true, expires at: 1757887764135
[debug] [2025-09-14T21:18:37.714Z] Checked if tokens are valid: true, expires at: 1757887764135
[debug] [2025-09-14T21:18:37.715Z] >>> [apiv2][query] GET https://runtimeconfig.googleapis.com/v1beta1/projects/proofbox-5f16e/configs [none]
[debug] [2025-09-14T21:18:37.984Z] <<< [apiv2][status] GET https://runtimeconfig.googleapis.com/v1beta1/projects/proofbox-5f16e/configs 200
[debug] [2025-09-14T21:18:37.984Z] <<< [apiv2][body] GET https://runtimeconfig.googleapis.com/v1beta1/projects/proofbox-5f16e/configs {}
[debug] [2025-09-14T21:18:37.986Z] Validating nodejs source
[warn] !  functions: package.json indicates an outdated version of firebase-functions. Please upgrade using npm install --save firebase-functions@latest in your functions directory. 
[warn] !  functions: Please note that there will be breaking changes when you upgrade. 
[debug] [2025-09-14T21:18:38.669Z] > [functions] package.json contents: {
  "name": "proofbox-functions",
  "private": true,
  "engines": {
    "node": "20"
  },
  "type": "module",
  "main": "lib/index.js",
  "scripts": {
    "build": "tsc -p .",
    "deploy": "firebase deploy --only functions",
    "serve": "firebase emulators:start --only functions"
  },
  "dependencies": {
    "firebase-admin": "^12.5.0",
    "firebase-functions": "^5.1.0"
  },
  "devDependencies": {
    "typescript": "^5.5.4"
  }
}
[debug] [2025-09-14T21:18:38.669Z] Building nodejs source
[info] i  functions: Loading and analyzing source code for codebase default to determine what to deploy 
[debug] [2025-09-14T21:18:38.670Z] Could not find functions.yaml. Must use http discovery
[debug] [2025-09-14T21:18:38.677Z] Found firebase-functions binary at 'C:\Users\conta\Desktop\ProofBox\functions\node_modules\.bin\firebase-functions'
[info] Serving at port 8637

[debug] [2025-09-14T21:18:39.413Z] Got response from /__/functions.yaml {"endpoints":{"sendDueRemindersV1":{"platform":"gcfv1","availableMemoryMb":null,"timeoutSeconds":null,"minInstances":null,"maxInstances":null,"ingressSettings":null,"serviceAccountEmail":null,"vpc":null,"region":["us-central1"],"scheduleTrigger":{"schedule":"every 1 minutes","retryConfig":{"retryCount":null,"maxDoublings":null,"maxRetryDuration":null,"maxBackoffDuration":null,"minBackoffDuration":null},"timeZone":"Europe/Paris"},"labels":{},"entryPoint":"sendDueRemindersV1"}},"specVersion":"v1alpha1","requiredAPIs":[{"api":"cloudscheduler.googleapis.com","reason":"Needed for scheduled functions."}],"extensions":{}}
[info] i  extensions: ensuring required API firebaseextensions.googleapis.com is enabled... 
[debug] [2025-09-14T21:18:43.452Z] > command requires scopes: ["email","openid","https://www.googleapis.com/auth/cloudplatformprojects.readonly","https://www.googleapis.com/auth/firebase","https://www.googleapis.com/auth/cloud-platform"]
[debug] [2025-09-14T21:18:43.452Z] > authorizing via signed-in user (contact@javachrist.fr)
[debug] [2025-09-14T21:18:43.452Z] [iam] checking project proofbox-5f16e for permissions ["firebase.projects.get","firebaseextensions.instances.list"]
[debug] [2025-09-14T21:18:43.452Z] Checked if tokens are valid: true, expires at: 1757887764135
[debug] [2025-09-14T21:18:43.452Z] Checked if tokens are valid: true, expires at: 1757887764135
[debug] [2025-09-14T21:18:43.452Z] >>> [apiv2][query] POST https://cloudresourcemanager.googleapis.com/v1/projects/proofbox-5f16e:testIamPermissions [none]
[debug] [2025-09-14T21:18:43.452Z] >>> [apiv2][(partial)header] POST https://cloudresourcemanager.googleapis.com/v1/projects/proofbox-5f16e:testIamPermissions x-goog-quota-user=projects/proofbox-5f16e
[debug] [2025-09-14T21:18:43.452Z] >>> [apiv2][body] POST https://cloudresourcemanager.googleapis.com/v1/projects/proofbox-5f16e:testIamPermissions {"permissions":["firebase.projects.get","firebaseextensions.instances.list"]}
[debug] [2025-09-14T21:18:44.097Z] <<< [apiv2][status] POST https://cloudresourcemanager.googleapis.com/v1/projects/proofbox-5f16e:testIamPermissions 200
[debug] [2025-09-14T21:18:44.098Z] <<< [apiv2][body] POST https://cloudresourcemanager.googleapis.com/v1/projects/proofbox-5f16e:testIamPermissions {"permissions":["firebase.projects.get","firebaseextensions.instances.list"]}
[debug] [2025-09-14T21:18:44.099Z] Checked if tokens are valid: true, expires at: 1757887764135
[debug] [2025-09-14T21:18:44.099Z] Checked if tokens are valid: true, expires at: 1757887764135
[debug] [2025-09-14T21:18:44.099Z] >>> [apiv2][query] GET https://firebaseextensions.googleapis.com/v1beta/projects/proofbox-5f16e/instances pageSize=100&pageToken=
[debug] [2025-09-14T21:18:44.870Z] <<< [apiv2][status] GET https://firebaseextensions.googleapis.com/v1beta/projects/proofbox-5f16e/instances 200
[debug] [2025-09-14T21:18:44.870Z] <<< [apiv2][body] GET https://firebaseextensions.googleapis.com/v1beta/projects/proofbox-5f16e/instances {}
[info] i  functions: preparing functions directory for uploading... 
[info] i  functions: packaged C:\Users\conta\Desktop\ProofBox\functions (32.17 KB) for uploading 
[debug] [2025-09-14T21:18:44.954Z] Checked if tokens are valid: true, expires at: 1757887764135
[debug] [2025-09-14T21:18:44.954Z] Checked if tokens are valid: true, expires at: 1757887764135
[debug] [2025-09-14T21:18:44.954Z] >>> [apiv2][query] GET https://cloudfunctions.googleapis.com/v1/projects/proofbox-5f16e/locations/-/functions [none]
[debug] [2025-09-14T21:18:45.551Z] <<< [apiv2][status] GET https://cloudfunctions.googleapis.com/v1/projects/proofbox-5f16e/locations/-/functions 200
[debug] [2025-09-14T21:18:45.551Z] <<< [apiv2][body] GET https://cloudfunctions.googleapis.com/v1/projects/proofbox-5f16e/locations/-/functions {}
[debug] [2025-09-14T21:18:45.551Z] Checked if tokens are valid: true, expires at: 1757887764135
[debug] [2025-09-14T21:18:45.551Z] Checked if tokens are valid: true, expires at: 1757887764135
[debug] [2025-09-14T21:18:45.551Z] >>> [apiv2][query] GET https://cloudfunctions.googleapis.com/v2/projects/proofbox-5f16e/locations/-/functions filter=environment%3D%22GEN_2%22
[debug] [2025-09-14T21:18:46.483Z] <<< [apiv2][status] GET https://cloudfunctions.googleapis.com/v2/projects/proofbox-5f16e/locations/-/functions 200
[debug] [2025-09-14T21:18:46.484Z] <<< [apiv2][body] GET https://cloudfunctions.googleapis.com/v2/projects/proofbox-5f16e/locations/-/functions {}
[info] i  functions: ensuring required API cloudscheduler.googleapis.com is enabled... 
[debug] [2025-09-14T21:18:46.491Z] Checked if tokens are valid: true, expires at: 1757887764135
[debug] [2025-09-14T21:18:46.491Z] Checked if tokens are valid: true, expires at: 1757887764135
[debug] [2025-09-14T21:18:46.492Z] >>> [apiv2][query] GET https://cloudresourcemanager.googleapis.com/v1/projects/proofbox-5f16e [none]
[debug] [2025-09-14T21:18:46.685Z] <<< [apiv2][status] GET https://cloudresourcemanager.googleapis.com/v1/projects/proofbox-5f16e 200
[debug] [2025-09-14T21:18:46.685Z] <<< [apiv2][body] GET https://cloudresourcemanager.googleapis.com/v1/projects/proofbox-5f16e {"projectNumber":"854756492452","projectId":"proofbox-5f16e","lifecycleState":"ACTIVE","name":"ProofBox","labels":{"firebase":"enabled","firebase-core":"disabled"},"createTime":"2025-08-15T02:20:12.357684Z","parent":{"type":"organization","id":"294271354232"}}
[debug] [2025-09-14T21:18:46.686Z] Checked if tokens are valid: true, expires at: 1757887764135
[debug] [2025-09-14T21:18:46.686Z] Checked if tokens are valid: true, expires at: 1757887764135
[debug] [2025-09-14T21:18:46.686Z] >>> [apiv2][query] GET https://cloudbilling.googleapis.com/v1/projects/proofbox-5f16e/billingInfo [none]
[debug] [2025-09-14T21:18:47.421Z] <<< [apiv2][status] GET https://cloudbilling.googleapis.com/v1/projects/proofbox-5f16e/billingInfo 200
[debug] [2025-09-14T21:18:47.421Z] <<< [apiv2][body] GET https://cloudbilling.googleapis.com/v1/projects/proofbox-5f16e/billingInfo {"name":"projects/proofbox-5f16e/billingInfo","projectId":"proofbox-5f16e","billingAccountName":"billingAccounts/0145E2-FCEB42-80B9A6","billingEnabled":true}
[debug] [2025-09-14T21:18:47.422Z] Checked if tokens are valid: true, expires at: 1757887764135
[debug] [2025-09-14T21:18:47.422Z] Checked if tokens are valid: true, expires at: 1757887764135
[debug] [2025-09-14T21:18:47.423Z] >>> [apiv2][query] POST https://cloudfunctions.googleapis.com/v1/projects/proofbox-5f16e/locations/us-central1/functions:generateUploadUrl [none]
[debug] [2025-09-14T21:18:47.423Z] >>> [apiv2][body] POST https://cloudfunctions.googleapis.com/v1/projects/proofbox-5f16e/locations/us-central1/functions:generateUploadUrl {}
[debug] [2025-09-14T21:18:47.957Z] <<< [apiv2][status] POST https://cloudfunctions.googleapis.com/v1/projects/proofbox-5f16e/locations/us-central1/functions:generateUploadUrl 200
[debug] [2025-09-14T21:18:47.957Z] <<< [apiv2][body] POST https://cloudfunctions.googleapis.com/v1/projects/proofbox-5f16e/locations/us-central1/functions:generateUploadUrl {"uploadUrl":"https://storage.googleapis.com/uploads-87004785998.us-central1.cloudfunctions.appspot.com/796a1a8e-ce41-4c50-8410-c1f9aca9e31c.zip?GoogleAccessId=service-854756492452@gcf-admin-robot.iam.gserviceaccount.com&Expires=1757886527&Signature=GVeHxV50igdu%2B98wqqymJdsCapa5%2FKj1PI1vyV3xx9qkZiQRgfqLGbnPo8tOG70BIvgT%2BY841PRPbfg%2BsHY0WarlenDPC8XdOs2mrOKgqMgUikX288Y4OPzQYBbGhvCYo2Drfdh2qf%2F8duTIqrpdEvyOOvf3iAIxPtE742q9lX%2BH89SVpUr%2BWUX7p0Tq6x9LAYklaSBDovBBXptfb7JrAQ6uo%2FpYtDDvvL24s1Gacuca8e3nLM%2FbLq6oZm2p4%2FzhsjSZOvvITxRPbZrtiiGmUv31hvYuRFZdlw0MTywiqX3xRWUCILFus%2FGsUyMGQoYc7uJFCwSy4I596wTZoUzYVw%3D%3D"}
[debug] [2025-09-14T21:18:47.958Z] >>> [apiv2][query] PUT https://storage.googleapis.com/uploads-87004785998.us-central1.cloudfunctions.appspot.com/796a1a8e-ce41-4c50-8410-c1f9aca9e31c.zip GoogleAccessId=service-854756492452%40gcf-admin-robot.iam.gserviceaccount.com&Expires=1757886527&Signature=GVeHxV50igdu%2B98wqqymJdsCapa5%2FKj1PI1vyV3xx9qkZiQRgfqLGbnPo8tOG70BIvgT%2BY841PRPbfg%2BsHY0WarlenDPC8XdOs2mrOKgqMgUikX288Y4OPzQYBbGhvCYo2Drfdh2qf%2F8duTIqrpdEvyOOvf3iAIxPtE742q9lX%2BH89SVpUr%2BWUX7p0Tq6x9LAYklaSBDovBBXptfb7JrAQ6uo%2FpYtDDvvL24s1Gacuca8e3nLM%2FbLq6oZm2p4%2FzhsjSZOvvITxRPbZrtiiGmUv31hvYuRFZdlw0MTywiqX3xRWUCILFus%2FGsUyMGQoYc7uJFCwSy4I596wTZoUzYVw%3D%3D
[debug] [2025-09-14T21:18:47.958Z] >>> [apiv2][body] PUT https://storage.googleapis.com/uploads-87004785998.us-central1.cloudfunctions.appspot.com/796a1a8e-ce41-4c50-8410-c1f9aca9e31c.zip [stream]
[debug] [2025-09-14T21:18:48.334Z] <<< [apiv2][status] PUT https://storage.googleapis.com/uploads-87004785998.us-central1.cloudfunctions.appspot.com/796a1a8e-ce41-4c50-8410-c1f9aca9e31c.zip 200
[debug] [2025-09-14T21:18:48.334Z] <<< [apiv2][body] PUT https://storage.googleapis.com/uploads-87004785998.us-central1.cloudfunctions.appspot.com/796a1a8e-ce41-4c50-8410-c1f9aca9e31c.zip [omitted]
[info] +  functions: functions folder uploaded successfully 
[info] i  functions: creating Node.js 20 (1st Gen) function sendDueRemindersV1(us-central1)... 
[debug] [2025-09-14T21:18:48.339Z] Checked if tokens are valid: true, expires at: 1757887764135
[debug] [2025-09-14T21:18:48.339Z] Checked if tokens are valid: true, expires at: 1757887764135
[debug] [2025-09-14T21:18:48.339Z] >>> [apiv2][query] POST https://cloudfunctions.googleapis.com/v1/projects/proofbox-5f16e/locations/us-central1/functions [none]
[debug] [2025-09-14T21:18:48.339Z] >>> [apiv2][body] POST https://cloudfunctions.googleapis.com/v1/projects/proofbox-5f16e/locations/us-central1/functions {"name":"projects/proofbox-5f16e/locations/us-central1/functions/sendDueRemindersV1","sourceUploadUrl":"https://storage.googleapis.com/uploads-87004785998.us-central1.cloudfunctions.appspot.com/796a1a8e-ce41-4c50-8410-c1f9aca9e31c.zip?GoogleAccessId=service-854756492452@gcf-admin-robot.iam.gserviceaccount.com&Expires=1757886527&Signature=GVeHxV50igdu%2B98wqqymJdsCapa5%2FKj1PI1vyV3xx9qkZiQRgfqLGbnPo8tOG70BIvgT%2BY841PRPbfg%2BsHY0WarlenDPC8XdOs2mrOKgqMgUikX288Y4OPzQYBbGhvCYo2Drfdh2qf%2F8duTIqrpdEvyOOvf3iAIxPtE742q9lX%2BH89SVpUr%2BWUX7p0Tq6x9LAYklaSBDovBBXptfb7JrAQ6uo%2FpYtDDvvL24s1Gacuca8e3nLM%2FbLq6oZm2p4%2FzhsjSZOvvITxRPbZrtiiGmUv31hvYuRFZdlw0MTywiqX3xRWUCILFus%2FGsUyMGQoYc7uJFCwSy4I596wTZoUzYVw%3D%3D","entryPoint":"sendDueRemindersV1","runtime":"nodejs20","dockerRegistry":"ARTIFACT_REGISTRY","labels":{"deployment-tool":"cli-firebase","deployment-scheduled":"true","firebase-functions-hash":"ca91c03223326cc109033ab6f5f4d0fa74e2e09b"},"eventTrigger":{"eventType":"google.pubsub.topic.publish","resource":"projects/proofbox-5f16e/topics/firebase-schedule-sendDueRemindersV1-us-central1"},"minInstances":null,"maxInstances":null,"ingressSettings":null,"environmentVariables":{"FIREBASE_CONFIG":"{\"projectId\":\"proofbox-5f16e\",\"storageBucket\":\"proofbox-5f16e.firebasestorage.app\"}","GCLOUD_PROJECT":"proofbox-5f16e","EVENTARC_CLOUD_EVENT_SOURCE":"projects/proofbox-5f16e/locations/us-central1/functions/sendDueRemindersV1"},"serviceAccountEmail":null,"availableMemoryMb":null,"timeout":null,"vpcConnector":null,"vpcConnectorEgressSettings":null,"buildEnvironmentVariables":{"GOOGLE_NODE_RUN_SCRIPTS":""}}
[debug] [2025-09-14T21:18:49.038Z] <<< [apiv2][status] POST https://cloudfunctions.googleapis.com/v1/projects/proofbox-5f16e/locations/us-central1/functions 200
[debug] [2025-09-14T21:18:49.038Z] <<< [apiv2][body] POST https://cloudfunctions.googleapis.com/v1/projects/proofbox-5f16e/locations/us-central1/functions {"name":"operations/cHJvamVjdHMvcHJvb2Zib3gtNWYxNmUvbG9jYXRpb25zL3VzLWNlbnRyYWwxL29wZXJhdGlvbnMvb3BlcmF0aW9uLTE3NTc4ODQ3MjgyOTYtNjNlYzk2ZWM5NDU4OC0xNGM2ZGIyMC01YjY4ZDdlNw","metadata":{"@type":"type.googleapis.com/google.cloud.functions.v1.OperationMetadataV1","target":"projects/proofbox-5f16e/locations/us-central1/functions/sendDueRemindersV1","updateTime":"2025-09-14T21:18:48.744268787Z"}}
[debug] [2025-09-14T21:18:49.039Z] Checked if tokens are valid: true, expires at: 1757887764135
[debug] [2025-09-14T21:18:49.039Z] Checked if tokens are valid: true, expires at: 1757887764135
[debug] [2025-09-14T21:18:49.039Z] >>> [apiv2][query] GET https://cloudfunctions.googleapis.com/v1/operations/cHJvamVjdHMvcHJvb2Zib3gtNWYxNmUvbG9jYXRpb25zL3VzLWNlbnRyYWwxL29wZXJhdGlvbnMvb3BlcmF0aW9uLTE3NTc4ODQ3MjgyOTYtNjNlYzk2ZWM5NDU4OC0xNGM2ZGIyMC01YjY4ZDdlNw [none]
[debug] [2025-09-14T21:18:49.220Z] <<< [apiv2][status] GET https://cloudfunctions.googleapis.com/v1/operations/cHJvamVjdHMvcHJvb2Zib3gtNWYxNmUvbG9jYXRpb25zL3VzLWNlbnRyYWwxL29wZXJhdGlvbnMvb3BlcmF0aW9uLTE3NTc4ODQ3MjgyOTYtNjNlYzk2ZWM5NDU4OC0xNGM2ZGIyMC01YjY4ZDdlNw 200
[debug] [2025-09-14T21:18:49.220Z] <<< [apiv2][body] GET https://cloudfunctions.googleapis.com/v1/operations/cHJvamVjdHMvcHJvb2Zib3gtNWYxNmUvbG9jYXRpb25zL3VzLWNlbnRyYWwxL29wZXJhdGlvbnMvb3BlcmF0aW9uLTE3NTc4ODQ3MjgyOTYtNjNlYzk2ZWM5NDU4OC0xNGM2ZGIyMC01YjY4ZDdlNw {"name":"operations/cHJvamVjdHMvcHJvb2Zib3gtNWYxNmUvbG9jYXRpb25zL3VzLWNlbnRyYWwxL29wZXJhdGlvbnMvb3BlcmF0aW9uLTE3NTc4ODQ3MjgyOTYtNjNlYzk2ZWM5NDU4OC0xNGM2ZGIyMC01YjY4ZDdlNw","metadata":{"@type":"type.googleapis.com/google.cloud.functions.v1.OperationMetadataV1","target":"projects/proofbox-5f16e/locations/us-central1/functions/sendDueRemindersV1","updateTime":"2025-09-14T21:18:48.744268787Z"}}
[debug] [2025-09-14T21:18:49.731Z] [create-default-us-central1-sendDueRemindersV1] Retrying task index 0
[debug] [2025-09-14T21:18:49.732Z] Checked if tokens are valid: true, expires at: 1757887764135
[debug] [2025-09-14T21:18:49.732Z] Checked if tokens are valid: true, expires at: 1757887764135
[debug] [2025-09-14T21:18:49.732Z] >>> [apiv2][query] GET https://cloudfunctions.googleapis.com/v1/operations/cHJvamVjdHMvcHJvb2Zib3gtNWYxNmUvbG9jYXRpb25zL3VzLWNlbnRyYWwxL29wZXJhdGlvbnMvb3BlcmF0aW9uLTE3NTc4ODQ3MjgyOTYtNjNlYzk2ZWM5NDU4OC0xNGM2ZGIyMC01YjY4ZDdlNw [none]
[debug] [2025-09-14T21:18:49.937Z] <<< [apiv2][status] GET https://cloudfunctions.googleapis.com/v1/operations/cHJvamVjdHMvcHJvb2Zib3gtNWYxNmUvbG9jYXRpb25zL3VzLWNlbnRyYWwxL29wZXJhdGlvbnMvb3BlcmF0aW9uLTE3NTc4ODQ3MjgyOTYtNjNlYzk2ZWM5NDU4OC0xNGM2ZGIyMC01YjY4ZDdlNw 200
[debug] [2025-09-14T21:18:49.937Z] <<< [apiv2][body] GET https://cloudfunctions.googleapis.com/v1/operations/cHJvamVjdHMvcHJvb2Zib3gtNWYxNmUvbG9jYXRpb25zL3VzLWNlbnRyYWwxL29wZXJhdGlvbnMvb3BlcmF0aW9uLTE3NTc4ODQ3MjgyOTYtNjNlYzk2ZWM5NDU4OC0xNGM2ZGIyMC01YjY4ZDdlNw {"name":"operations/cHJvamVjdHMvcHJvb2Zib3gtNWYxNmUvbG9jYXRpb25zL3VzLWNlbnRyYWwxL29wZXJhdGlvbnMvb3BlcmF0aW9uLTE3NTc4ODQ3MjgyOTYtNjNlYzk2ZWM5NDU4OC0xNGM2ZGIyMC01YjY4ZDdlNw","metadata":{"@type":"type.googleapis.com/google.cloud.functions.v1.OperationMetadataV1","target":"projects/proofbox-5f16e/locations/us-central1/functions/sendDueRemindersV1","type":"CREATE_FUNCTION","request":{"@type":"type.googleapis.com/google.cloud.functions.v1.CloudFunction","name":"projects/proofbox-5f16e/locations/us-central1/functions/sendDueRemindersV1","eventTrigger":{"eventType":"google.pubsub.topic.publish","resource":"projects/proofbox-5f16e/topics/firebase-schedule-sendDueRemindersV1-us-central1","failurePolicy":{}},"entryPoint":"sendDueRemindersV1","updateTime":"1970-01-01T00:00:00Z","labels":{"deployment-tool":"cli-firebase","deployment-scheduled":"true","firebase-functions-hash":"ca91c03223326cc109033ab6f5f4d0fa74e2e09b"},"sourceUploadUrl":"https://storage.googleapis.com/uploads-87004785998.us-central1.cloudfunctions.appspot.com/796a1a8e-ce41-4c50-8410-c1f9aca9e31c.zip?GoogleAccessId=service-854756492452@gcf-admin-robot.iam.gserviceaccount.com&Expires=1757886527&Signature=GVeHxV50igdu%2B98wqqymJdsCapa5%2FKj1PI1vyV3xx9qkZiQRgfqLGbnPo8tOG70BIvgT%2BY841PRPbfg%2BsHY0WarlenDPC8XdOs2mrOKgqMgUikX288Y4OPzQYBbGhvCYo2Drfdh2qf%2F8duTIqrpdEvyOOvf3iAIxPtE742q9lX%2BH89SVpUr%2BWUX7p0Tq6x9LAYklaSBDovBBXptfb7JrAQ6uo%2FpYtDDvvL24s1Gacuca8e3nLM%2FbLq6oZm2p4%2FzhsjSZOvvITxRPbZrtiiGmUv31hvYuRFZdlw0MTywiqX3xRWUCILFus%2FGsUyMGQoYc7uJFCwSy4I596wTZoUzYVw%3D%3D","environmentVariables":{"FIREBASE_CONFIG":"{\"projectId\":\"proofbox-5f16e\",\"storageBucket\":\"proofbox-5f16e.firebasestorage.app\"}","GCLOUD_PROJECT":"proofbox-5f16e","EVENTARC_CLOUD_EVENT_SOURCE":"projects/proofbox-5f16e/locations/us-central1/functions/sendDueRemindersV1"},"runtime":"nodejs20","buildEnvironmentVariables":{"GOOGLE_NODE_RUN_SCRIPTS":""},"dockerRegistry":"ARTIFACT_REGISTRY"},"versionId":"1","updateTime":"2025-09-14T21:18:48.744268787Z"}}
[debug] [2025-09-14T21:18:50.943Z] [create-default-us-central1-sendDueRemindersV1] Retrying task index 0
[debug] [2025-09-14T21:18:50.944Z] Checked if tokens are valid: true, expires at: 1757887764135
[debug] [2025-09-14T21:18:50.944Z] Checked if tokens are valid: true, expires at: 1757887764135
[debug] [2025-09-14T21:18:50.944Z] >>> [apiv2][query] GET https://cloudfunctions.googleapis.com/v1/operations/cHJvamVjdHMvcHJvb2Zib3gtNWYxNmUvbG9jYXRpb25zL3VzLWNlbnRyYWwxL29wZXJhdGlvbnMvb3BlcmF0aW9uLTE3NTc4ODQ3MjgyOTYtNjNlYzk2ZWM5NDU4OC0xNGM2ZGIyMC01YjY4ZDdlNw [none]
[debug] [2025-09-14T21:18:51.126Z] <<< [apiv2][status] GET https://cloudfunctions.googleapis.com/v1/operations/cHJvamVjdHMvcHJvb2Zib3gtNWYxNmUvbG9jYXRpb25zL3VzLWNlbnRyYWwxL29wZXJhdGlvbnMvb3BlcmF0aW9uLTE3NTc4ODQ3MjgyOTYtNjNlYzk2ZWM5NDU4OC0xNGM2ZGIyMC01YjY4ZDdlNw 200
[debug] [2025-09-14T21:18:51.126Z] <<< [apiv2][body] GET https://cloudfunctions.googleapis.com/v1/operations/cHJvamVjdHMvcHJvb2Zib3gtNWYxNmUvbG9jYXRpb25zL3VzLWNlbnRyYWwxL29wZXJhdGlvbnMvb3BlcmF0aW9uLTE3NTc4ODQ3MjgyOTYtNjNlYzk2ZWM5NDU4OC0xNGM2ZGIyMC01YjY4ZDdlNw {"name":"operations/cHJvamVjdHMvcHJvb2Zib3gtNWYxNmUvbG9jYXRpb25zL3VzLWNlbnRyYWwxL29wZXJhdGlvbnMvb3BlcmF0aW9uLTE3NTc4ODQ3MjgyOTYtNjNlYzk2ZWM5NDU4OC0xNGM2ZGIyMC01YjY4ZDdlNw","metadata":{"@type":"type.googleapis.com/google.cloud.functions.v1.OperationMetadataV1","target":"projects/proofbox-5f16e/locations/us-central1/functions/sendDueRemindersV1","type":"CREATE_FUNCTION","request":{"@type":"type.googleapis.com/google.cloud.functions.v1.CloudFunction","name":"projects/proofbox-5f16e/locations/us-central1/functions/sendDueRemindersV1","eventTrigger":{"eventType":"google.pubsub.topic.publish","resource":"projects/proofbox-5f16e/topics/firebase-schedule-sendDueRemindersV1-us-central1","failurePolicy":{}},"entryPoint":"sendDueRemindersV1","updateTime":"1970-01-01T00:00:00Z","labels":{"deployment-tool":"cli-firebase","deployment-scheduled":"true","firebase-functions-hash":"ca91c03223326cc109033ab6f5f4d0fa74e2e09b"},"sourceUploadUrl":"https://storage.googleapis.com/uploads-87004785998.us-central1.cloudfunctions.appspot.com/796a1a8e-ce41-4c50-8410-c1f9aca9e31c.zip?GoogleAccessId=service-854756492452@gcf-admin-robot.iam.gserviceaccount.com&Expires=1757886527&Signature=GVeHxV50igdu%2B98wqqymJdsCapa5%2FKj1PI1vyV3xx9qkZiQRgfqLGbnPo8tOG70BIvgT%2BY841PRPbfg%2BsHY0WarlenDPC8XdOs2mrOKgqMgUikX288Y4OPzQYBbGhvCYo2Drfdh2qf%2F8duTIqrpdEvyOOvf3iAIxPtE742q9lX%2BH89SVpUr%2BWUX7p0Tq6x9LAYklaSBDovBBXptfb7JrAQ6uo%2FpYtDDvvL24s1Gacuca8e3nLM%2FbLq6oZm2p4%2FzhsjSZOvvITxRPbZrtiiGmUv31hvYuRFZdlw0MTywiqX3xRWUCILFus%2FGsUyMGQoYc7uJFCwSy4I596wTZoUzYVw%3D%3D","environmentVariables":{"FIREBASE_CONFIG":"{\"projectId\":\"proofbox-5f16e\",\"storageBucket\":\"proofbox-5f16e.firebasestorage.app\"}","GCLOUD_PROJECT":"proofbox-5f16e","EVENTARC_CLOUD_EVENT_SOURCE":"projects/proofbox-5f16e/locations/us-central1/functions/sendDueRemindersV1"},"runtime":"nodejs20","buildEnvironmentVariables":{"GOOGLE_NODE_RUN_SCRIPTS":""},"dockerRegistry":"ARTIFACT_REGISTRY"},"versionId":"1","updateTime":"2025-09-14T21:18:48.744268787Z"}}
[debug] [2025-09-14T21:18:53.126Z] [create-default-us-central1-sendDueRemindersV1] Retrying task index 0
[debug] [2025-09-14T21:18:53.127Z] Checked if tokens are valid: true, expires at: 1757887764135
[debug] [2025-09-14T21:18:53.127Z] Checked if tokens are valid: true, expires at: 1757887764135
[debug] [2025-09-14T21:18:53.127Z] >>> [apiv2][query] GET https://cloudfunctions.googleapis.com/v1/operations/cHJvamVjdHMvcHJvb2Zib3gtNWYxNmUvbG9jYXRpb25zL3VzLWNlbnRyYWwxL29wZXJhdGlvbnMvb3BlcmF0aW9uLTE3NTc4ODQ3MjgyOTYtNjNlYzk2ZWM5NDU4OC0xNGM2ZGIyMC01YjY4ZDdlNw [none]
[debug] [2025-09-14T21:18:53.306Z] <<< [apiv2][status] GET https://cloudfunctions.googleapis.com/v1/operations/cHJvamVjdHMvcHJvb2Zib3gtNWYxNmUvbG9jYXRpb25zL3VzLWNlbnRyYWwxL29wZXJhdGlvbnMvb3BlcmF0aW9uLTE3NTc4ODQ3MjgyOTYtNjNlYzk2ZWM5NDU4OC0xNGM2ZGIyMC01YjY4ZDdlNw 200
[debug] [2025-09-14T21:18:53.306Z] <<< [apiv2][body] GET https://cloudfunctions.googleapis.com/v1/operations/cHJvamVjdHMvcHJvb2Zib3gtNWYxNmUvbG9jYXRpb25zL3VzLWNlbnRyYWwxL29wZXJhdGlvbnMvb3BlcmF0aW9uLTE3NTc4ODQ3MjgyOTYtNjNlYzk2ZWM5NDU4OC0xNGM2ZGIyMC01YjY4ZDdlNw {"name":"operations/cHJvamVjdHMvcHJvb2Zib3gtNWYxNmUvbG9jYXRpb25zL3VzLWNlbnRyYWwxL29wZXJhdGlvbnMvb3BlcmF0aW9uLTE3NTc4ODQ3MjgyOTYtNjNlYzk2ZWM5NDU4OC0xNGM2ZGIyMC01YjY4ZDdlNw","metadata":{"@type":"type.googleapis.com/google.cloud.functions.v1.OperationMetadataV1","target":"projects/proofbox-5f16e/locations/us-central1/functions/sendDueRemindersV1","type":"CREATE_FUNCTION","request":{"@type":"type.googleapis.com/google.cloud.functions.v1.CloudFunction","name":"projects/proofbox-5f16e/locations/us-central1/functions/sendDueRemindersV1","eventTrigger":{"eventType":"google.pubsub.topic.publish","resource":"projects/proofbox-5f16e/topics/firebase-schedule-sendDueRemindersV1-us-central1","failurePolicy":{}},"entryPoint":"sendDueRemindersV1","updateTime":"1970-01-01T00:00:00Z","labels":{"deployment-tool":"cli-firebase","deployment-scheduled":"true","firebase-functions-hash":"ca91c03223326cc109033ab6f5f4d0fa74e2e09b"},"sourceUploadUrl":"https://storage.googleapis.com/uploads-87004785998.us-central1.cloudfunctions.appspot.com/796a1a8e-ce41-4c50-8410-c1f9aca9e31c.zip?GoogleAccessId=service-854756492452@gcf-admin-robot.iam.gserviceaccount.com&Expires=1757886527&Signature=GVeHxV50igdu%2B98wqqymJdsCapa5%2FKj1PI1vyV3xx9qkZiQRgfqLGbnPo8tOG70BIvgT%2BY841PRPbfg%2BsHY0WarlenDPC8XdOs2mrOKgqMgUikX288Y4OPzQYBbGhvCYo2Drfdh2qf%2F8duTIqrpdEvyOOvf3iAIxPtE742q9lX%2BH89SVpUr%2BWUX7p0Tq6x9LAYklaSBDovBBXptfb7JrAQ6uo%2FpYtDDvvL24s1Gacuca8e3nLM%2FbLq6oZm2p4%2FzhsjSZOvvITxRPbZrtiiGmUv31hvYuRFZdlw0MTywiqX3xRWUCILFus%2FGsUyMGQoYc7uJFCwSy4I596wTZoUzYVw%3D%3D","environmentVariables":{"FIREBASE_CONFIG":"{\"projectId\":\"proofbox-5f16e\",\"storageBucket\":\"proofbox-5f16e.firebasestorage.app\"}","GCLOUD_PROJECT":"proofbox-5f16e","EVENTARC_CLOUD_EVENT_SOURCE":"projects/proofbox-5f16e/locations/us-central1/functions/sendDueRemindersV1"},"runtime":"nodejs20","buildEnvironmentVariables":{"GOOGLE_NODE_RUN_SCRIPTS":""},"dockerRegistry":"ARTIFACT_REGISTRY"},"versionId":"1","updateTime":"2025-09-14T21:18:48.744268787Z","buildId":"78d37000-2395-4d57-8b24-bf9e0b9eeaef","buildName":"projects/854756492452/locations/us-central1/builds/78d37000-2395-4d57-8b24-bf9e0b9eeaef"}}
[debug] [2025-09-14T21:18:57.320Z] [create-default-us-central1-sendDueRemindersV1] Retrying task index 0
[debug] [2025-09-14T21:18:57.321Z] Checked if tokens are valid: true, expires at: 1757887764135
[debug] [2025-09-14T21:18:57.321Z] Checked if tokens are valid: true, expires at: 1757887764135
[debug] [2025-09-14T21:18:57.321Z] >>> [apiv2][query] GET https://cloudfunctions.googleapis.com/v1/operations/cHJvamVjdHMvcHJvb2Zib3gtNWYxNmUvbG9jYXRpb25zL3VzLWNlbnRyYWwxL29wZXJhdGlvbnMvb3BlcmF0aW9uLTE3NTc4ODQ3MjgyOTYtNjNlYzk2ZWM5NDU4OC0xNGM2ZGIyMC01YjY4ZDdlNw [none]
[debug] [2025-09-14T21:18:57.562Z] <<< [apiv2][status] GET https://cloudfunctions.googleapis.com/v1/operations/cHJvamVjdHMvcHJvb2Zib3gtNWYxNmUvbG9jYXRpb25zL3VzLWNlbnRyYWwxL29wZXJhdGlvbnMvb3BlcmF0aW9uLTE3NTc4ODQ3MjgyOTYtNjNlYzk2ZWM5NDU4OC0xNGM2ZGIyMC01YjY4ZDdlNw 200
[debug] [2025-09-14T21:18:57.562Z] <<< [apiv2][body] GET https://cloudfunctions.googleapis.com/v1/operations/cHJvamVjdHMvcHJvb2Zib3gtNWYxNmUvbG9jYXRpb25zL3VzLWNlbnRyYWwxL29wZXJhdGlvbnMvb3BlcmF0aW9uLTE3NTc4ODQ3MjgyOTYtNjNlYzk2ZWM5NDU4OC0xNGM2ZGIyMC01YjY4ZDdlNw {"name":"operations/cHJvamVjdHMvcHJvb2Zib3gtNWYxNmUvbG9jYXRpb25zL3VzLWNlbnRyYWwxL29wZXJhdGlvbnMvb3BlcmF0aW9uLTE3NTc4ODQ3MjgyOTYtNjNlYzk2ZWM5NDU4OC0xNGM2ZGIyMC01YjY4ZDdlNw","metadata":{"@type":"type.googleapis.com/google.cloud.functions.v1.OperationMetadataV1","target":"projects/proofbox-5f16e/locations/us-central1/functions/sendDueRemindersV1","type":"CREATE_FUNCTION","request":{"@type":"type.googleapis.com/google.cloud.functions.v1.CloudFunction","name":"projects/proofbox-5f16e/locations/us-central1/functions/sendDueRemindersV1","eventTrigger":{"eventType":"google.pubsub.topic.publish","resource":"projects/proofbox-5f16e/topics/firebase-schedule-sendDueRemindersV1-us-central1","failurePolicy":{}},"entryPoint":"sendDueRemindersV1","updateTime":"1970-01-01T00:00:00Z","labels":{"deployment-tool":"cli-firebase","deployment-scheduled":"true","firebase-functions-hash":"ca91c03223326cc109033ab6f5f4d0fa74e2e09b"},"sourceUploadUrl":"https://storage.googleapis.com/uploads-87004785998.us-central1.cloudfunctions.appspot.com/796a1a8e-ce41-4c50-8410-c1f9aca9e31c.zip?GoogleAccessId=service-854756492452@gcf-admin-robot.iam.gserviceaccount.com&Expires=1757886527&Signature=GVeHxV50igdu%2B98wqqymJdsCapa5%2FKj1PI1vyV3xx9qkZiQRgfqLGbnPo8tOG70BIvgT%2BY841PRPbfg%2BsHY0WarlenDPC8XdOs2mrOKgqMgUikX288Y4OPzQYBbGhvCYo2Drfdh2qf%2F8duTIqrpdEvyOOvf3iAIxPtE742q9lX%2BH89SVpUr%2BWUX7p0Tq6x9LAYklaSBDovBBXptfb7JrAQ6uo%2FpYtDDvvL24s1Gacuca8e3nLM%2FbLq6oZm2p4%2FzhsjSZOvvITxRPbZrtiiGmUv31hvYuRFZdlw0MTywiqX3xRWUCILFus%2FGsUyMGQoYc7uJFCwSy4I596wTZoUzYVw%3D%3D","environmentVariables":{"FIREBASE_CONFIG":"{\"projectId\":\"proofbox-5f16e\",\"storageBucket\":\"proofbox-5f16e.firebasestorage.app\"}","GCLOUD_PROJECT":"proofbox-5f16e","EVENTARC_CLOUD_EVENT_SOURCE":"projects/proofbox-5f16e/locations/us-central1/functions/sendDueRemindersV1"},"runtime":"nodejs20","buildEnvironmentVariables":{"GOOGLE_NODE_RUN_SCRIPTS":""},"dockerRegistry":"ARTIFACT_REGISTRY"},"versionId":"1","updateTime":"2025-09-14T21:18:48.744268787Z","buildId":"78d37000-2395-4d57-8b24-bf9e0b9eeaef","buildName":"projects/854756492452/locations/us-central1/builds/78d37000-2395-4d57-8b24-bf9e0b9eeaef"}}
[debug] [2025-09-14T21:19:05.571Z] [create-default-us-central1-sendDueRemindersV1] Retrying task index 0
[debug] [2025-09-14T21:19:05.572Z] Checked if tokens are valid: true, expires at: 1757887764135
[debug] [2025-09-14T21:19:05.572Z] Checked if tokens are valid: true, expires at: 1757887764135
[debug] [2025-09-14T21:19:05.572Z] >>> [apiv2][query] GET https://cloudfunctions.googleapis.com/v1/operations/cHJvamVjdHMvcHJvb2Zib3gtNWYxNmUvbG9jYXRpb25zL3VzLWNlbnRyYWwxL29wZXJhdGlvbnMvb3BlcmF0aW9uLTE3NTc4ODQ3MjgyOTYtNjNlYzk2ZWM5NDU4OC0xNGM2ZGIyMC01YjY4ZDdlNw [none]
[debug] [2025-09-14T21:19:05.819Z] <<< [apiv2][status] GET https://cloudfunctions.googleapis.com/v1/operations/cHJvamVjdHMvcHJvb2Zib3gtNWYxNmUvbG9jYXRpb25zL3VzLWNlbnRyYWwxL29wZXJhdGlvbnMvb3BlcmF0aW9uLTE3NTc4ODQ3MjgyOTYtNjNlYzk2ZWM5NDU4OC0xNGM2ZGIyMC01YjY4ZDdlNw 200
[debug] [2025-09-14T21:19:05.820Z] <<< [apiv2][body] GET https://cloudfunctions.googleapis.com/v1/operations/cHJvamVjdHMvcHJvb2Zib3gtNWYxNmUvbG9jYXRpb25zL3VzLWNlbnRyYWwxL29wZXJhdGlvbnMvb3BlcmF0aW9uLTE3NTc4ODQ3MjgyOTYtNjNlYzk2ZWM5NDU4OC0xNGM2ZGIyMC01YjY4ZDdlNw {"name":"operations/cHJvamVjdHMvcHJvb2Zib3gtNWYxNmUvbG9jYXRpb25zL3VzLWNlbnRyYWwxL29wZXJhdGlvbnMvb3BlcmF0aW9uLTE3NTc4ODQ3MjgyOTYtNjNlYzk2ZWM5NDU4OC0xNGM2ZGIyMC01YjY4ZDdlNw","metadata":{"@type":"type.googleapis.com/google.cloud.functions.v1.OperationMetadataV1","target":"projects/proofbox-5f16e/locations/us-central1/functions/sendDueRemindersV1","type":"CREATE_FUNCTION","request":{"@type":"type.googleapis.com/google.cloud.functions.v1.CloudFunction","name":"projects/proofbox-5f16e/locations/us-central1/functions/sendDueRemindersV1","eventTrigger":{"eventType":"google.pubsub.topic.publish","resource":"projects/proofbox-5f16e/topics/firebase-schedule-sendDueRemindersV1-us-central1","failurePolicy":{}},"entryPoint":"sendDueRemindersV1","updateTime":"1970-01-01T00:00:00Z","labels":{"deployment-tool":"cli-firebase","deployment-scheduled":"true","firebase-functions-hash":"ca91c03223326cc109033ab6f5f4d0fa74e2e09b"},"sourceUploadUrl":"https://storage.googleapis.com/uploads-87004785998.us-central1.cloudfunctions.appspot.com/796a1a8e-ce41-4c50-8410-c1f9aca9e31c.zip?GoogleAccessId=service-854756492452@gcf-admin-robot.iam.gserviceaccount.com&Expires=1757886527&Signature=GVeHxV50igdu%2B98wqqymJdsCapa5%2FKj1PI1vyV3xx9qkZiQRgfqLGbnPo8tOG70BIvgT%2BY841PRPbfg%2BsHY0WarlenDPC8XdOs2mrOKgqMgUikX288Y4OPzQYBbGhvCYo2Drfdh2qf%2F8duTIqrpdEvyOOvf3iAIxPtE742q9lX%2BH89SVpUr%2BWUX7p0Tq6x9LAYklaSBDovBBXptfb7JrAQ6uo%2FpYtDDvvL24s1Gacuca8e3nLM%2FbLq6oZm2p4%2FzhsjSZOvvITxRPbZrtiiGmUv31hvYuRFZdlw0MTywiqX3xRWUCILFus%2FGsUyMGQoYc7uJFCwSy4I596wTZoUzYVw%3D%3D","environmentVariables":{"FIREBASE_CONFIG":"{\"projectId\":\"proofbox-5f16e\",\"storageBucket\":\"proofbox-5f16e.firebasestorage.app\"}","GCLOUD_PROJECT":"proofbox-5f16e","EVENTARC_CLOUD_EVENT_SOURCE":"projects/proofbox-5f16e/locations/us-central1/functions/sendDueRemindersV1"},"runtime":"nodejs20","buildEnvironmentVariables":{"GOOGLE_NODE_RUN_SCRIPTS":""},"dockerRegistry":"ARTIFACT_REGISTRY"},"versionId":"1","updateTime":"2025-09-14T21:18:48.744268787Z","buildId":"78d37000-2395-4d57-8b24-bf9e0b9eeaef","buildName":"projects/854756492452/locations/us-central1/builds/78d37000-2395-4d57-8b24-bf9e0b9eeaef"}}
[debug] [2025-09-14T21:19:15.832Z] [create-default-us-central1-sendDueRemindersV1] Retrying task index 0
[debug] [2025-09-14T21:19:15.832Z] Checked if tokens are valid: true, expires at: 1757887764135
[debug] [2025-09-14T21:19:15.833Z] Checked if tokens are valid: true, expires at: 1757887764135
[debug] [2025-09-14T21:19:15.833Z] >>> [apiv2][query] GET https://cloudfunctions.googleapis.com/v1/operations/cHJvamVjdHMvcHJvb2Zib3gtNWYxNmUvbG9jYXRpb25zL3VzLWNlbnRyYWwxL29wZXJhdGlvbnMvb3BlcmF0aW9uLTE3NTc4ODQ3MjgyOTYtNjNlYzk2ZWM5NDU4OC0xNGM2ZGIyMC01YjY4ZDdlNw [none]
[debug] [2025-09-14T21:19:16.041Z] <<< [apiv2][status] GET https://cloudfunctions.googleapis.com/v1/operations/cHJvamVjdHMvcHJvb2Zib3gtNWYxNmUvbG9jYXRpb25zL3VzLWNlbnRyYWwxL29wZXJhdGlvbnMvb3BlcmF0aW9uLTE3NTc4ODQ3MjgyOTYtNjNlYzk2ZWM5NDU4OC0xNGM2ZGIyMC01YjY4ZDdlNw 200
[debug] [2025-09-14T21:19:16.042Z] <<< [apiv2][body] GET https://cloudfunctions.googleapis.com/v1/operations/cHJvamVjdHMvcHJvb2Zib3gtNWYxNmUvbG9jYXRpb25zL3VzLWNlbnRyYWwxL29wZXJhdGlvbnMvb3BlcmF0aW9uLTE3NTc4ODQ3MjgyOTYtNjNlYzk2ZWM5NDU4OC0xNGM2ZGIyMC01YjY4ZDdlNw {"name":"operations/cHJvamVjdHMvcHJvb2Zib3gtNWYxNmUvbG9jYXRpb25zL3VzLWNlbnRyYWwxL29wZXJhdGlvbnMvb3BlcmF0aW9uLTE3NTc4ODQ3MjgyOTYtNjNlYzk2ZWM5NDU4OC0xNGM2ZGIyMC01YjY4ZDdlNw","metadata":{"@type":"type.googleapis.com/google.cloud.functions.v1.OperationMetadataV1","target":"projects/proofbox-5f16e/locations/us-central1/functions/sendDueRemindersV1","type":"CREATE_FUNCTION","request":{"@type":"type.googleapis.com/google.cloud.functions.v1.CloudFunction","name":"projects/proofbox-5f16e/locations/us-central1/functions/sendDueRemindersV1","eventTrigger":{"eventType":"google.pubsub.topic.publish","resource":"projects/proofbox-5f16e/topics/firebase-schedule-sendDueRemindersV1-us-central1","failurePolicy":{}},"entryPoint":"sendDueRemindersV1","updateTime":"1970-01-01T00:00:00Z","labels":{"deployment-tool":"cli-firebase","deployment-scheduled":"true","firebase-functions-hash":"ca91c03223326cc109033ab6f5f4d0fa74e2e09b"},"sourceUploadUrl":"https://storage.googleapis.com/uploads-87004785998.us-central1.cloudfunctions.appspot.com/796a1a8e-ce41-4c50-8410-c1f9aca9e31c.zip?GoogleAccessId=service-854756492452@gcf-admin-robot.iam.gserviceaccount.com&Expires=1757886527&Signature=GVeHxV50igdu%2B98wqqymJdsCapa5%2FKj1PI1vyV3xx9qkZiQRgfqLGbnPo8tOG70BIvgT%2BY841PRPbfg%2BsHY0WarlenDPC8XdOs2mrOKgqMgUikX288Y4OPzQYBbGhvCYo2Drfdh2qf%2F8duTIqrpdEvyOOvf3iAIxPtE742q9lX%2BH89SVpUr%2BWUX7p0Tq6x9LAYklaSBDovBBXptfb7JrAQ6uo%2FpYtDDvvL24s1Gacuca8e3nLM%2FbLq6oZm2p4%2FzhsjSZOvvITxRPbZrtiiGmUv31hvYuRFZdlw0MTywiqX3xRWUCILFus%2FGsUyMGQoYc7uJFCwSy4I596wTZoUzYVw%3D%3D","environmentVariables":{"FIREBASE_CONFIG":"{\"projectId\":\"proofbox-5f16e\",\"storageBucket\":\"proofbox-5f16e.firebasestorage.app\"}","GCLOUD_PROJECT":"proofbox-5f16e","EVENTARC_CLOUD_EVENT_SOURCE":"projects/proofbox-5f16e/locations/us-central1/functions/sendDueRemindersV1"},"runtime":"nodejs20","buildEnvironmentVariables":{"GOOGLE_NODE_RUN_SCRIPTS":""},"dockerRegistry":"ARTIFACT_REGISTRY"},"versionId":"1","updateTime":"2025-09-14T21:19:07.814654311Z","buildId":"78d37000-2395-4d57-8b24-bf9e0b9eeaef","buildName":"projects/854756492452/locations/us-central1/builds/78d37000-2395-4d57-8b24-bf9e0b9eeaef"},"done":true,"error":{"code":13,"message":"Gen1 operation for function projects/proofbox-5f16e/locations/us-central1/functions/sendDueRemindersV1 failed: Build failed: Build error details not available.Please check the logs at https://console.cloud.google.com/cloud-build/builds;region=us-central1/78d37000-2395-4d57-8b24-bf9e0b9eeaef?project=854756492452. Please visit https://cloud.google.com/functions/docs/troubleshooting#build for in-depth troubleshooting documentation for build related errors..","details":[{"@type":"type.googleapis.com/google.rpc.DebugInfo","stackEntries":["cloud/control2/shared/userfriendly/userfriendly.go:1347 +0x25 google3/cloud/control2/shared/userfriendly/userfriendly.DebugInfoWithMessage({0xc01cbcd0e0, 0x1ca})","cloud/control2/frontend/storedata/public_operation.go:256 +0xc8 google3/cloud/control2/frontend/storedata/publicoperation.toOperationError({0x56115b0e03a8, 0xc00866cb70}, 0xc00c0f7b20?, 0x90?)","cloud/control2/frontend/storedata/public_operation.go:122 +0x3bf google3/cloud/control2/frontend/storedata/publicoperation.ToPublic({0x56115b0e03a8, 0xc00866cb70}, 0xc00c0f7b20, 0xc0289ace90, 0xc020750e10, 0xc00506e5a0)","cloud/control2/frontend/converters/operation_converter.go:46 +0xa7 google3/cloud/control2/frontend/converters/operationconverter.(*OperationConverter).ConvertResource(0xc0233b9a90, {0x56115b0e03a8, 0xc00866cb70}, {0x56115b0ed600, 0xc00c0f7b20}, 0x1?, 0x1?)","cloud/control2/frontend/handler/get.go:274 +0x2298 google3/cloud/control2/frontend/handler/handler.Handler.handleGet({{{0x56115b0ea5b0, 0xc00601fe40}, {0x0, 0x0}}, {{0xc0014b7dc0, 0x1, 0x1}, 0xc00ef20f60, 0xc0014b7da0, {0x56115b10e310, ...}, ...}, ...}, ...)","cloud/control2/frontend/handler/handler.go:401 +0xfdb google3/cloud/control2/frontend/handler/handler.Handler.start({{{0x56115b0ea5b0, 0xc00601fe40}, {0x0, 0x0}}, {{0xc0014b7dc0, 0x1, 0x1}, 0xc00ef20f60, 0xc0014b7da0, {0x56115b10e310, ...}, ...}, ...}, ...)","cloud/control2/frontend/handler/handler.go:278 +0x66 google3/cloud/control2/frontend/handler/handler.init.func20({_, _}, {{{0x56115b0ea5b0, 0xc00601fe40}, {0x0, 0x0}}, {{0xc0014b7dc0, 0x1, 0x1}, 0xc00ef20f60, ...}, ...}, ...)","cloud/control2/frontend/handler/handler.go:273 +0x173 google3/cloud/control2/frontend/handler/handler.Handler.HandleRequest({{{0x56115b0ea5b0, 0xc00601fe40}, {0x0, 0x0}}, {{0xc0014b7dc0, 0x1, 0x1}, 0xc00ef20f60, 0xc0014b7da0, {0x56115b10e310, ...}, ...}, ...}, ...)","cloud/control2/frontend/server/request_handler.go:111 +0x53c google3/cloud/control2/frontend/server/requesthandler.(*Handler).handleRequestWithFullMethodName(0xc013668360, {0x56115b0e03a8, 0xc021a91d10}, 0xc02c3406c0, 0xc012e02ba0, 0xc012e03038, {0x0?, 0xc028598e38?})","cloud/control2/frontend/server/request_handler.go:84 +0x536 google3/cloud/control2/frontend/server/requesthandler.(*Handler).handleRequest(0xc013668360, {0x56115b0e03a8, 0xc021a91d10}, 0xc012e02ba0, 0xc012e03038)","cloud/control2/frontend/server/request_handler.go:53 +0x25 google3/cloud/control2/frontend/server/requesthandler.(*Handler).handle(0xc028598f98?, {0x56115b0e03a8, 0xc021a91d10}, 0x5611589d1820?, 0xc01a95d801?)","cloud/control2/shared/genericrpc/service.go:172 +0x3ef google3/cloud/control2/shared/genericrpc/genericrpc.(*Dispatcher).DefaultMethodHandler(0xc0137868a0, {0x56115b0e03a8, 0xc021a91d10}, 0xc012e02ba0)","net/rpc/go/stream.go:1170 +0x43 google3/net/rpc/go/rpc.runStreamHandler({0x56115b0e03a8?, 0xc021a91d10?}, 0xc012e02ba0?, {0x0?, 0x0?}, {0x56115b0f6700, 0xc015b30820})","net/goa/rpc/rpchandler.go:100 +0x4d7 google3/net/goa/rpc/rpchandler.ExecHandlerSubset({0x56115b0e03a8?, 0xc023e3d830?}, 0xc02852d550)","net/goa/rpc/rpchandler.go:327 +0x9f5 google3/net/goa/rpc/rpchandler.(*closedRegistry).hook(0xc00c87c940, {0x56115b0e09f8, 0xc0235419e0}, 0xc016d3b000)","production/fireaxe/go/filters/rpcserverinterceptor.go:62 +0x2f0 google3/production/fireaxe/go/filters/rpcserverinterceptor.(*Interceptor).MakeHook-fm.(*Interceptor).MakeHook.func2({0x56115b0e09f8, 0xc0235419e0}, 0xc016d3b000)"],"detail":"Gen1 operation for function projects/proofbox-5f16e/locations/us-central1/functions/sendDueRemindersV1 failed: Build failed: Build error details not available.Please check the logs at https://console.cloud.google.com/cloud-build/builds;region=us-central1/78d37000-2395-4d57-8b24-bf9e0b9eeaef?project=854756492452. Please visit https://cloud.google.com/functions/docs/troubleshooting#build for in-depth troubleshooting documentation for build related errors.."}]}}
[debug] [2025-09-14T21:19:16.042Z] Got source token undefined for region us-central1
[error] Gen1 operation for function projects/proofbox-5f16e/locations/us-central1/functions/sendDueRemindersV1 failed: Build failed: Build error details not available.Please check the logs at https://console.cloud.google.com/cloud-build/builds;region=us-central1/78d37000-2395-4d57-8b24-bf9e0b9eeaef?project=854756492452. Please visit https://cloud.google.com/functions/docs/troubleshooting#build for in-depth troubleshooting documentation for build related errors..
[debug] [2025-09-14T21:19:16.044Z] Total Function Deployment time: 27705
[debug] [2025-09-14T21:19:16.045Z] 1 Functions Deployed
[debug] [2025-09-14T21:19:16.045Z] 1 Functions Errored
[debug] [2025-09-14T21:19:16.045Z] 0 Function Deployments Aborted
[debug] [2025-09-14T21:19:16.045Z] Average Function Deployment time: 27705
[info] 
[info] Functions deploy had errors with the following functions:
	sendDueRemindersV1(us-central1)
[debug] [2025-09-14T21:19:16.047Z] Checked if tokens are valid: true, expires at: 1757887764135
[debug] [2025-09-14T21:19:16.047Z] Checked if tokens are valid: true, expires at: 1757887764135
[debug] [2025-09-14T21:19:16.047Z] >>> [apiv2][query] GET https://artifactregistry.googleapis.com/v1/projects/proofbox-5f16e/locations/us-central1/repositories/gcf-artifacts [none]
[debug] [2025-09-14T21:19:16.828Z] <<< [apiv2][status] GET https://artifactregistry.googleapis.com/v1/projects/proofbox-5f16e/locations/us-central1/repositories/gcf-artifacts 200
[debug] [2025-09-14T21:19:16.828Z] <<< [apiv2][body] GET https://artifactregistry.googleapis.com/v1/projects/proofbox-5f16e/locations/us-central1/repositories/gcf-artifacts {"name":"projects/proofbox-5f16e/locations/us-central1/repositories/gcf-artifacts","format":"DOCKER","description":"This repository is created and used by Cloud Functions for storing function docker images.","labels":{"goog-managed-by":"cloudfunctions"},"createTime":"2025-09-14T19:44:03.846697Z","updateTime":"2025-09-14T19:45:28.401351Z","mode":"STANDARD_REPOSITORY","cleanupPolicies":{"firebase-functions-cleanup":{"id":"firebase-functions-cleanup","action":"DELETE","condition":{"tagState":"ANY","olderThan":"2592000s"}}},"vulnerabilityScanningConfig":{"lastEnableTime":"2025-09-14T19:43:55.200190027Z","enablementState":"SCANNING_DISABLED","enablementStateReason":"API containerscanning.googleapis.com is not enabled."},"satisfiesPzi":true,"registryUri":"us-central1-docker.pkg.dev/proofbox-5f16e/gcf-artifacts"}
[debug] [2025-09-14T21:19:16.829Z] Functions deploy failed.
[debug] [2025-09-14T21:19:16.829Z] {
  "endpoint": {
    "id": "sendDueRemindersV1",
    "project": "proofbox-5f16e",
    "region": "us-central1",
    "entryPoint": "sendDueRemindersV1",
    "platform": "gcfv1",
    "runtime": "nodejs20",
    "scheduleTrigger": {
      "schedule": "every 1 minutes",
      "timeZone": "Europe/Paris",
      "retryConfig": {
        "maxBackoffSeconds": null,
        "minBackoffSeconds": null,
        "maxRetrySeconds": null,
        "retryCount": null,
        "maxDoublings": null
      }
    },
    "labels": {
      "deployment-tool": "cli-firebase"
    },
    "serviceAccount": null,
    "ingressSettings": null,
    "availableMemoryMb": null,
    "timeoutSeconds": null,
    "maxInstances": null,
    "minInstances": null,
    "vpc": null,
    "environmentVariables": {
      "FIREBASE_CONFIG": "{\"projectId\":\"proofbox-5f16e\",\"storageBucket\":\"proofbox-5f16e.firebasestorage.app\"}",
      "GCLOUD_PROJECT": "proofbox-5f16e",
      "EVENTARC_CLOUD_EVENT_SOURCE": "projects/proofbox-5f16e/locations/us-central1/functions/sendDueRemindersV1"
    },
    "codebase": "default",
    "targetedByOnly": false,
    "hash": "ca91c03223326cc109033ab6f5f4d0fa74e2e09b"
  },
  "op": "create",
  "original": {
    "name": "FirebaseError",
    "children": [],
    "exit": 1,
    "message": "Gen1 operation for function projects/proofbox-5f16e/locations/us-central1/functions/sendDueRemindersV1 failed: Build failed: Build error details not available.Please check the logs at https://console.cloud.google.com/cloud-build/builds;region=us-central1/78d37000-2395-4d57-8b24-bf9e0b9eeaef?project=854756492452. Please visit https://cloud.google.com/functions/docs/troubleshooting#build for in-depth troubleshooting documentation for build related errors..",
    "original": {
      "code": 13,
      "message": "Gen1 operation for function projects/proofbox-5f16e/locations/us-central1/functions/sendDueRemindersV1 failed: Build failed: Build error details not available.Please check the logs at https://console.cloud.google.com/cloud-build/builds;region=us-central1/78d37000-2395-4d57-8b24-bf9e0b9eeaef?project=854756492452. Please visit https://cloud.google.com/functions/docs/troubleshooting#build for in-depth troubleshooting documentation for build related errors..",
      "details": [
        {
          "@type": "type.googleapis.com/google.rpc.DebugInfo",
          "stackEntries": [
            "cloud/control2/shared/userfriendly/userfriendly.go:1347 +0x25 google3/cloud/control2/shared/userfriendly/userfriendly.DebugInfoWithMessage({0xc01cbcd0e0, 0x1ca})",
            "cloud/control2/frontend/storedata/public_operation.go:256 +0xc8 google3/cloud/control2/frontend/storedata/publicoperation.toOperationError({0x56115b0e03a8, 0xc00866cb70}, 0xc00c0f7b20?, 0x90?)",
            "cloud/control2/frontend/storedata/public_operation.go:122 +0x3bf google3/cloud/control2/frontend/storedata/publicoperation.ToPublic({0x56115b0e03a8, 0xc00866cb70}, 0xc00c0f7b20, 0xc0289ace90, 0xc020750e10, 0xc00506e5a0)",
            "cloud/control2/frontend/converters/operation_converter.go:46 +0xa7 google3/cloud/control2/frontend/converters/operationconverter.(*OperationConverter).ConvertResource(0xc0233b9a90, {0x56115b0e03a8, 0xc00866cb70}, {0x56115b0ed600, 0xc00c0f7b20}, 0x1?, 0x1?)",
            "cloud/control2/frontend/handler/get.go:274 +0x2298 google3/cloud/control2/frontend/handler/handler.Handler.handleGet({{{0x56115b0ea5b0, 0xc00601fe40}, {0x0, 0x0}}, {{0xc0014b7dc0, 0x1, 0x1}, 0xc00ef20f60, 0xc0014b7da0, {0x56115b10e310, ...}, ...}, ...}, ...)",
            "cloud/control2/frontend/handler/handler.go:401 +0xfdb google3/cloud/control2/frontend/handler/handler.Handler.start({{{0x56115b0ea5b0, 0xc00601fe40}, {0x0, 0x0}}, {{0xc0014b7dc0, 0x1, 0x1}, 0xc00ef20f60, 0xc0014b7da0, {0x56115b10e310, ...}, ...}, ...}, ...)",
            "cloud/control2/frontend/handler/handler.go:278 +0x66 google3/cloud/control2/frontend/handler/handler.init.func20({_, _}, {{{0x56115b0ea5b0, 0xc00601fe40}, {0x0, 0x0}}, {{0xc0014b7dc0, 0x1, 0x1}, 0xc00ef20f60, ...}, ...}, ...)",
            "cloud/control2/frontend/handler/handler.go:273 +0x173 google3/cloud/control2/frontend/handler/handler.Handler.HandleRequest({{{0x56115b0ea5b0, 0xc00601fe40}, {0x0, 0x0}}, {{0xc0014b7dc0, 0x1, 0x1}, 0xc00ef20f60, 0xc0014b7da0, {0x56115b10e310, ...}, ...}, ...}, ...)",
            "cloud/control2/frontend/server/request_handler.go:111 +0x53c google3/cloud/control2/frontend/server/requesthandler.(*Handler).handleRequestWithFullMethodName(0xc013668360, {0x56115b0e03a8, 0xc021a91d10}, 0xc02c3406c0, 0xc012e02ba0, 0xc012e03038, {0x0?, 0xc028598e38?})",
            "cloud/control2/frontend/server/request_handler.go:84 +0x536 google3/cloud/control2/frontend/server/requesthandler.(*Handler).handleRequest(0xc013668360, {0x56115b0e03a8, 0xc021a91d10}, 0xc012e02ba0, 0xc012e03038)",
            "cloud/control2/frontend/server/request_handler.go:53 +0x25 google3/cloud/control2/frontend/server/requesthandler.(*Handler).handle(0xc028598f98?, {0x56115b0e03a8, 0xc021a91d10}, 0x5611589d1820?, 0xc01a95d801?)",
            "cloud/control2/shared/genericrpc/service.go:172 +0x3ef google3/cloud/control2/shared/genericrpc/genericrpc.(*Dispatcher).DefaultMethodHandler(0xc0137868a0, {0x56115b0e03a8, 0xc021a91d10}, 0xc012e02ba0)",
            "net/rpc/go/stream.go:1170 +0x43 google3/net/rpc/go/rpc.runStreamHandler({0x56115b0e03a8?, 0xc021a91d10?}, 0xc012e02ba0?, {0x0?, 0x0?}, {0x56115b0f6700, 0xc015b30820})",
            "net/goa/rpc/rpchandler.go:100 +0x4d7 google3/net/goa/rpc/rpchandler.ExecHandlerSubset({0x56115b0e03a8?, 0xc023e3d830?}, 0xc02852d550)",
            "net/goa/rpc/rpchandler.go:327 +0x9f5 google3/net/goa/rpc/rpchandler.(*closedRegistry).hook(0xc00c87c940, {0x56115b0e09f8, 0xc0235419e0}, 0xc016d3b000)",
            "production/fireaxe/go/filters/rpcserverinterceptor.go:62 +0x2f0 google3/production/fireaxe/go/filters/rpcserverinterceptor.(*Interceptor).MakeHook-fm.(*Interceptor).MakeHook.func2({0x56115b0e09f8, 0xc0235419e0}, 0xc016d3b000)"
          ],
          "detail": "Gen1 operation for function projects/proofbox-5f16e/locations/us-central1/functions/sendDueRemindersV1 failed: Build failed: Build error details not available.Please check the logs at https://console.cloud.google.com/cloud-build/builds;region=us-central1/78d37000-2395-4d57-8b24-bf9e0b9eeaef?project=854756492452. Please visit https://cloud.google.com/functions/docs/troubleshooting#build for in-depth troubleshooting documentation for build related errors.."
        }
      ]
    },
    "status": 13,
    "code": 13
  }
}
[debug] [2025-09-14T21:19:16.831Z] Error: Failed to create function sendDueRemindersV1 in region us-central1
    at C:\Users\conta\AppData\Roaming\npm\node_modules\firebase-tools\lib\deploy\functions\release\fabricator.js:52:11
    at process.processTicksAndRejections (node:internal/process/task_queues:105:5)
    at async Fabricator.createV1Function (C:\Users\conta\AppData\Roaming\npm\node_modules\firebase-tools\lib\deploy\functions\release\fabricator.js:182:32)
    at async Fabricator.createEndpoint (C:\Users\conta\AppData\Roaming\npm\node_modules\firebase-tools\lib\deploy\functions\release\fabricator.js:134:13)
    at async handle (C:\Users\conta\AppData\Roaming\npm\node_modules\firebase-tools\lib\deploy\functions\release\fabricator.js:89:17)
[error] 
[error] Error: There was an error deploying functions
[debug] [2025-09-14T21:26:23.698Z] ----------------------------------------------------------------------
[debug] [2025-09-14T21:26:23.701Z] Command:       C:\Program Files\nodejs\node.exe C:\Users\conta\AppData\Roaming\npm\node_modules\firebase-tools\lib\bin\firebase.js deploy --only functions --project proofbox-5f16e
[debug] [2025-09-14T21:26:23.701Z] CLI Version:   14.12.0
[debug] [2025-09-14T21:26:23.701Z] Platform:      win32
[debug] [2025-09-14T21:26:23.701Z] Node Version:  v22.15.0
[debug] [2025-09-14T21:26:23.701Z] Time:          Sun Sep 14 2025 23:26:23 GMT+0200 (heure d’été d’Europe centrale)
[debug] [2025-09-14T21:26:23.702Z] ----------------------------------------------------------------------
[debug] 
[debug] [2025-09-14T21:26:23.857Z] > command requires scopes: ["email","openid","https://www.googleapis.com/auth/cloudplatformprojects.readonly","https://www.googleapis.com/auth/firebase","https://www.googleapis.com/auth/cloud-platform"]
[debug] [2025-09-14T21:26:23.858Z] > authorizing via signed-in user (contact@javachrist.fr)
[debug] [2025-09-14T21:26:23.858Z] [iam] checking project proofbox-5f16e for permissions ["cloudfunctions.functions.create","cloudfunctions.functions.delete","cloudfunctions.functions.get","cloudfunctions.functions.list","cloudfunctions.functions.update","cloudfunctions.operations.get","firebase.projects.get"]
[debug] [2025-09-14T21:26:23.859Z] Checked if tokens are valid: true, expires at: 1757887764135
[debug] [2025-09-14T21:26:23.859Z] Checked if tokens are valid: true, expires at: 1757887764135
[debug] [2025-09-14T21:26:23.860Z] >>> [apiv2][query] POST https://cloudresourcemanager.googleapis.com/v1/projects/proofbox-5f16e:testIamPermissions [none]
[debug] [2025-09-14T21:26:23.860Z] >>> [apiv2][(partial)header] POST https://cloudresourcemanager.googleapis.com/v1/projects/proofbox-5f16e:testIamPermissions x-goog-quota-user=projects/proofbox-5f16e
[debug] [2025-09-14T21:26:23.860Z] >>> [apiv2][body] POST https://cloudresourcemanager.googleapis.com/v1/projects/proofbox-5f16e:testIamPermissions {"permissions":["cloudfunctions.functions.create","cloudfunctions.functions.delete","cloudfunctions.functions.get","cloudfunctions.functions.list","cloudfunctions.functions.update","cloudfunctions.operations.get","firebase.projects.get"]}
[debug] [2025-09-14T21:26:24.558Z] <<< [apiv2][status] POST https://cloudresourcemanager.googleapis.com/v1/projects/proofbox-5f16e:testIamPermissions 200
[debug] [2025-09-14T21:26:24.558Z] <<< [apiv2][body] POST https://cloudresourcemanager.googleapis.com/v1/projects/proofbox-5f16e:testIamPermissions {"permissions":["cloudfunctions.functions.create","cloudfunctions.functions.delete","cloudfunctions.functions.get","cloudfunctions.functions.list","cloudfunctions.functions.update","cloudfunctions.operations.get","firebase.projects.get"]}
[debug] [2025-09-14T21:26:24.558Z] Checked if tokens are valid: true, expires at: 1757887764135
[debug] [2025-09-14T21:26:24.558Z] Checked if tokens are valid: true, expires at: 1757887764135
[debug] [2025-09-14T21:26:24.559Z] >>> [apiv2][query] POST https://iam.googleapis.com/v1/projects/proofbox-5f16e/serviceAccounts/proofbox-5f16e@appspot.gserviceaccount.com:testIamPermissions [none]
[debug] [2025-09-14T21:26:24.559Z] >>> [apiv2][body] POST https://iam.googleapis.com/v1/projects/proofbox-5f16e/serviceAccounts/proofbox-5f16e@appspot.gserviceaccount.com:testIamPermissions {"permissions":["iam.serviceAccounts.actAs"]}
[debug] [2025-09-14T21:26:25.216Z] <<< [apiv2][status] POST https://iam.googleapis.com/v1/projects/proofbox-5f16e/serviceAccounts/proofbox-5f16e@appspot.gserviceaccount.com:testIamPermissions 200
[debug] [2025-09-14T21:26:25.216Z] <<< [apiv2][body] POST https://iam.googleapis.com/v1/projects/proofbox-5f16e/serviceAccounts/proofbox-5f16e@appspot.gserviceaccount.com:testIamPermissions {"permissions":["iam.serviceAccounts.actAs"]}
[info] 
[info] === Deploying to 'proofbox-5f16e'...
[info] 
[info] i  deploying functions 
[debug] [2025-09-14T21:26:25.219Z] Checked if tokens are valid: true, expires at: 1757887764135
[debug] [2025-09-14T21:26:25.219Z] Checked if tokens are valid: true, expires at: 1757887764135
[debug] [2025-09-14T21:26:25.219Z] >>> [apiv2][query] GET https://cloudresourcemanager.googleapis.com/v1/projects/proofbox-5f16e [none]
[debug] [2025-09-14T21:26:25.412Z] <<< [apiv2][status] GET https://cloudresourcemanager.googleapis.com/v1/projects/proofbox-5f16e 200
[debug] [2025-09-14T21:26:25.412Z] <<< [apiv2][body] GET https://cloudresourcemanager.googleapis.com/v1/projects/proofbox-5f16e {"projectNumber":"854756492452","projectId":"proofbox-5f16e","lifecycleState":"ACTIVE","name":"ProofBox","labels":{"firebase":"enabled","firebase-core":"disabled"},"createTime":"2025-08-15T02:20:12.357684Z","parent":{"type":"organization","id":"294271354232"}}
[info] i  functions: preparing codebase default for deployment 
[info] i  functions: ensuring required API cloudfunctions.googleapis.com is enabled... 
[info] i  functions: ensuring required API cloudbuild.googleapis.com is enabled... 
[info] i  artifactregistry: ensuring required API artifactregistry.googleapis.com is enabled... 
[debug] [2025-09-14T21:26:25.414Z] Checked if tokens are valid: true, expires at: 1757887764135
[debug] [2025-09-14T21:26:25.414Z] Checked if tokens are valid: true, expires at: 1757887764135
[debug] [2025-09-14T21:26:25.414Z] >>> [apiv2][query] GET https://firebase.googleapis.com/v1beta1/projects/proofbox-5f16e/adminSdkConfig [none]
[debug] [2025-09-14T21:26:25.796Z] <<< [apiv2][status] GET https://firebase.googleapis.com/v1beta1/projects/proofbox-5f16e/adminSdkConfig 200
[debug] [2025-09-14T21:26:25.796Z] <<< [apiv2][body] GET https://firebase.googleapis.com/v1beta1/projects/proofbox-5f16e/adminSdkConfig {"projectId":"proofbox-5f16e","storageBucket":"proofbox-5f16e.firebasestorage.app"}
[debug] [2025-09-14T21:26:25.797Z] Checked if tokens are valid: true, expires at: 1757887764135
[debug] [2025-09-14T21:26:25.797Z] Checked if tokens are valid: true, expires at: 1757887764135
[debug] [2025-09-14T21:26:25.797Z] >>> [apiv2][query] GET https://runtimeconfig.googleapis.com/v1beta1/projects/proofbox-5f16e/configs [none]
[debug] [2025-09-14T21:26:26.069Z] <<< [apiv2][status] GET https://runtimeconfig.googleapis.com/v1beta1/projects/proofbox-5f16e/configs 200
[debug] [2025-09-14T21:26:26.069Z] <<< [apiv2][body] GET https://runtimeconfig.googleapis.com/v1beta1/projects/proofbox-5f16e/configs {}
[debug] [2025-09-14T21:26:26.070Z] Validating nodejs source
[warn] !  functions: package.json indicates an outdated version of firebase-functions. Please upgrade using npm install --save firebase-functions@latest in your functions directory. 
[warn] !  functions: Please note that there will be breaking changes when you upgrade. 
[debug] [2025-09-14T21:26:26.712Z] > [functions] package.json contents: {
  "name": "proofbox-functions",
  "private": true,
  "engines": {
    "node": "20"
  },
  "type": "module",
  "main": "lib/index.js",
  "scripts": {
    "build": "tsc -p .",
    "deploy": "firebase deploy --only functions",
    "serve": "firebase emulators:start --only functions"
  },
  "dependencies": {
    "firebase-admin": "^12.5.0",
    "firebase-functions": "^5.1.0"
  },
  "devDependencies": {
    "typescript": "^5.5.4"
  }
}
[debug] [2025-09-14T21:26:26.712Z] Building nodejs source
[info] i  functions: Loading and analyzing source code for codebase default to determine what to deploy 
[debug] [2025-09-14T21:26:26.713Z] Could not find functions.yaml. Must use http discovery
[debug] [2025-09-14T21:26:26.719Z] Found firebase-functions binary at 'C:\Users\conta\Desktop\ProofBox\functions\node_modules\.bin\firebase-functions'
[info] Serving at port 8661

[debug] [2025-09-14T21:26:27.435Z] Got response from /__/functions.yaml {"endpoints":{"sendDueRemindersV1":{"platform":"gcfv1","availableMemoryMb":null,"timeoutSeconds":null,"minInstances":null,"maxInstances":null,"ingressSettings":null,"serviceAccountEmail":null,"vpc":null,"region":["us-central1"],"scheduleTrigger":{"schedule":"every 1 minutes","retryConfig":{"retryCount":null,"maxDoublings":null,"maxRetryDuration":null,"maxBackoffDuration":null,"minBackoffDuration":null},"timeZone":"Europe/Paris"},"labels":{},"entryPoint":"sendDueRemindersV1"}},"specVersion":"v1alpha1","requiredAPIs":[{"api":"cloudscheduler.googleapis.com","reason":"Needed for scheduled functions."}],"extensions":{}}
[info] i  extensions: ensuring required API firebaseextensions.googleapis.com is enabled... 
[debug] [2025-09-14T21:26:31.477Z] > command requires scopes: ["email","openid","https://www.googleapis.com/auth/cloudplatformprojects.readonly","https://www.googleapis.com/auth/firebase","https://www.googleapis.com/auth/cloud-platform"]
[debug] [2025-09-14T21:26:31.477Z] > authorizing via signed-in user (contact@javachrist.fr)
[debug] [2025-09-14T21:26:31.477Z] [iam] checking project proofbox-5f16e for permissions ["firebase.projects.get","firebaseextensions.instances.list"]
[debug] [2025-09-14T21:26:31.477Z] Checked if tokens are valid: true, expires at: 1757887764135
[debug] [2025-09-14T21:26:31.477Z] Checked if tokens are valid: true, expires at: 1757887764135
[debug] [2025-09-14T21:26:31.477Z] >>> [apiv2][query] POST https://cloudresourcemanager.googleapis.com/v1/projects/proofbox-5f16e:testIamPermissions [none]
[debug] [2025-09-14T21:26:31.478Z] >>> [apiv2][(partial)header] POST https://cloudresourcemanager.googleapis.com/v1/projects/proofbox-5f16e:testIamPermissions x-goog-quota-user=projects/proofbox-5f16e
[debug] [2025-09-14T21:26:31.478Z] >>> [apiv2][body] POST https://cloudresourcemanager.googleapis.com/v1/projects/proofbox-5f16e:testIamPermissions {"permissions":["firebase.projects.get","firebaseextensions.instances.list"]}
[debug] [2025-09-14T21:26:32.106Z] <<< [apiv2][status] POST https://cloudresourcemanager.googleapis.com/v1/projects/proofbox-5f16e:testIamPermissions 200
[debug] [2025-09-14T21:26:32.107Z] <<< [apiv2][body] POST https://cloudresourcemanager.googleapis.com/v1/projects/proofbox-5f16e:testIamPermissions {"permissions":["firebase.projects.get","firebaseextensions.instances.list"]}
[debug] [2025-09-14T21:26:32.107Z] Checked if tokens are valid: true, expires at: 1757887764135
[debug] [2025-09-14T21:26:32.107Z] Checked if tokens are valid: true, expires at: 1757887764135
[debug] [2025-09-14T21:26:32.107Z] >>> [apiv2][query] GET https://firebaseextensions.googleapis.com/v1beta/projects/proofbox-5f16e/instances pageSize=100&pageToken=
[debug] [2025-09-14T21:26:32.892Z] <<< [apiv2][status] GET https://firebaseextensions.googleapis.com/v1beta/projects/proofbox-5f16e/instances 200
[debug] [2025-09-14T21:26:32.892Z] <<< [apiv2][body] GET https://firebaseextensions.googleapis.com/v1beta/projects/proofbox-5f16e/instances {}
[info] i  functions: preparing functions directory for uploading... 
[info] i  functions: packaged C:\Users\conta\Desktop\ProofBox\functions (32.17 KB) for uploading 
[debug] [2025-09-14T21:26:32.926Z] Checked if tokens are valid: true, expires at: 1757887764135
[debug] [2025-09-14T21:26:32.926Z] Checked if tokens are valid: true, expires at: 1757887764135
[debug] [2025-09-14T21:26:32.926Z] >>> [apiv2][query] GET https://cloudfunctions.googleapis.com/v1/projects/proofbox-5f16e/locations/-/functions [none]
[debug] [2025-09-14T21:26:33.516Z] <<< [apiv2][status] GET https://cloudfunctions.googleapis.com/v1/projects/proofbox-5f16e/locations/-/functions 200
[debug] [2025-09-14T21:26:33.516Z] <<< [apiv2][body] GET https://cloudfunctions.googleapis.com/v1/projects/proofbox-5f16e/locations/-/functions {"functions":[{"name":"projects/proofbox-5f16e/locations/us-central1/functions/sendDueRemindersV1","eventTrigger":{"eventType":"google.pubsub.topic.publish","resource":"projects/proofbox-5f16e/topics/firebase-schedule-sendDueRemindersV1-us-central1","service":"pubsub.googleapis.com","failurePolicy":{}},"status":"OFFLINE","entryPoint":"sendDueRemindersV1","timeout":"60s","availableMemoryMb":256,"serviceAccountEmail":"proofbox-5f16e@appspot.gserviceaccount.com","updateTime":"2025-09-14T21:19:07.825702948Z","versionId":"1","labels":{"firebase-functions-hash":"ca91c03223326cc109033ab6f5f4d0fa74e2e09b","deployment-tool":"cli-firebase","deployment-scheduled":"true"},"sourceUploadUrl":"https://storage.googleapis.com/uploads-87004785998.us-central1.cloudfunctions.appspot.com/796a1a8e-ce41-4c50-8410-c1f9aca9e31c.zip","environmentVariables":{"FIREBASE_CONFIG":"{\"projectId\":\"proofbox-5f16e\",\"storageBucket\":\"proofbox-5f16e.firebasestorage.app\"}","GCLOUD_PROJECT":"proofbox-5f16e","EVENTARC_CLOUD_EVENT_SOURCE":"projects/proofbox-5f16e/locations/us-central1/functions/sendDueRemindersV1"},"runtime":"nodejs20","maxInstances":3000,"ingressSettings":"ALLOW_ALL","buildId":"78d37000-2395-4d57-8b24-bf9e0b9eeaef","buildEnvironmentVariables":{"GOOGLE_NODE_RUN_SCRIPTS":""},"buildName":"projects/854756492452/locations/us-central1/builds/78d37000-2395-4d57-8b24-bf9e0b9eeaef","dockerRegistry":"ARTIFACT_REGISTRY","automaticUpdatePolicy":{},"buildServiceAccount":"projects/proofbox-5f16e/serviceAccounts/854756492452-compute@developer.gserviceaccount.com","satisfiesPzi":true}]}
[debug] [2025-09-14T21:26:33.517Z] Checked if tokens are valid: true, expires at: 1757887764135
[debug] [2025-09-14T21:26:33.517Z] Checked if tokens are valid: true, expires at: 1757887764135
[debug] [2025-09-14T21:26:33.517Z] >>> [apiv2][query] GET https://cloudfunctions.googleapis.com/v2/projects/proofbox-5f16e/locations/-/functions filter=environment%3D%22GEN_2%22
[debug] [2025-09-14T21:26:34.462Z] <<< [apiv2][status] GET https://cloudfunctions.googleapis.com/v2/projects/proofbox-5f16e/locations/-/functions 200
[debug] [2025-09-14T21:26:34.463Z] <<< [apiv2][body] GET https://cloudfunctions.googleapis.com/v2/projects/proofbox-5f16e/locations/-/functions {}
[info] i  functions: ensuring required API cloudscheduler.googleapis.com is enabled... 
[debug] [2025-09-14T21:26:34.467Z] Checked if tokens are valid: true, expires at: 1757887764135
[debug] [2025-09-14T21:26:34.467Z] Checked if tokens are valid: true, expires at: 1757887764135
[debug] [2025-09-14T21:26:34.467Z] >>> [apiv2][query] GET https://cloudresourcemanager.googleapis.com/v1/projects/proofbox-5f16e [none]
[debug] [2025-09-14T21:26:34.652Z] <<< [apiv2][status] GET https://cloudresourcemanager.googleapis.com/v1/projects/proofbox-5f16e 200
[debug] [2025-09-14T21:26:34.652Z] <<< [apiv2][body] GET https://cloudresourcemanager.googleapis.com/v1/projects/proofbox-5f16e {"projectNumber":"854756492452","projectId":"proofbox-5f16e","lifecycleState":"ACTIVE","name":"ProofBox","labels":{"firebase":"enabled","firebase-core":"disabled"},"createTime":"2025-08-15T02:20:12.357684Z","parent":{"type":"organization","id":"294271354232"}}
[debug] [2025-09-14T21:26:34.652Z] Checked if tokens are valid: true, expires at: 1757887764135
[debug] [2025-09-14T21:26:34.652Z] Checked if tokens are valid: true, expires at: 1757887764135
[debug] [2025-09-14T21:26:34.653Z] >>> [apiv2][query] GET https://cloudbilling.googleapis.com/v1/projects/proofbox-5f16e/billingInfo [none]
[debug] [2025-09-14T21:26:34.924Z] <<< [apiv2][status] GET https://cloudbilling.googleapis.com/v1/projects/proofbox-5f16e/billingInfo 200
[debug] [2025-09-14T21:26:34.924Z] <<< [apiv2][body] GET https://cloudbilling.googleapis.com/v1/projects/proofbox-5f16e/billingInfo {"name":"projects/proofbox-5f16e/billingInfo","projectId":"proofbox-5f16e","billingAccountName":"billingAccounts/0145E2-FCEB42-80B9A6","billingEnabled":true}
[info] i  functions: updating Node.js 20 (1st Gen) function sendDueRemindersV1(us-central1)... 
[debug] [2025-09-14T21:26:34.931Z] Precondition failed. Cannot update a GCF function without sourceUrl
[debug] [2025-09-14T21:26:34.932Z] Total Function Deployment time: 1
[debug] [2025-09-14T21:26:34.932Z] 1 Functions Deployed
[debug] [2025-09-14T21:26:34.932Z] 1 Functions Errored
[debug] [2025-09-14T21:26:34.932Z] 0 Function Deployments Aborted
[debug] [2025-09-14T21:26:34.932Z] Average Function Deployment time: 0
[info] 
[info] Functions deploy had errors with the following functions:
	sendDueRemindersV1(us-central1)
[debug] [2025-09-14T21:26:34.933Z] Checked if tokens are valid: true, expires at: 1757887764135
[debug] [2025-09-14T21:26:34.933Z] Checked if tokens are valid: true, expires at: 1757887764135
[debug] [2025-09-14T21:26:34.933Z] >>> [apiv2][query] GET https://artifactregistry.googleapis.com/v1/projects/proofbox-5f16e/locations/us-central1/repositories/gcf-artifacts [none]
[debug] [2025-09-14T21:26:35.314Z] <<< [apiv2][status] GET https://artifactregistry.googleapis.com/v1/projects/proofbox-5f16e/locations/us-central1/repositories/gcf-artifacts 200
[debug] [2025-09-14T21:26:35.314Z] <<< [apiv2][body] GET https://artifactregistry.googleapis.com/v1/projects/proofbox-5f16e/locations/us-central1/repositories/gcf-artifacts {"name":"projects/proofbox-5f16e/locations/us-central1/repositories/gcf-artifacts","format":"DOCKER","description":"This repository is created and used by Cloud Functions for storing function docker images.","labels":{"goog-managed-by":"cloudfunctions"},"createTime":"2025-09-14T19:44:03.846697Z","updateTime":"2025-09-14T19:45:28.401351Z","mode":"STANDARD_REPOSITORY","cleanupPolicies":{"firebase-functions-cleanup":{"id":"firebase-functions-cleanup","action":"DELETE","condition":{"tagState":"ANY","olderThan":"2592000s"}}},"vulnerabilityScanningConfig":{"lastEnableTime":"2025-09-14T19:43:55.200190027Z","enablementState":"SCANNING_DISABLED","enablementStateReason":"API containerscanning.googleapis.com is not enabled."},"satisfiesPzi":true,"registryUri":"us-central1-docker.pkg.dev/proofbox-5f16e/gcf-artifacts"}
[debug] [2025-09-14T21:26:35.314Z] Functions deploy failed.
[debug] [2025-09-14T21:26:35.314Z] {}
[debug] [2025-09-14T21:26:35.315Z] Error: Precondition failed
    at Fabricator.updateV1Function (C:\Users\conta\AppData\Roaming\npm\node_modules\firebase-tools\lib\deploy\functions\release\fabricator.js:349:19)
    at Fabricator.updateEndpoint (C:\Users\conta\AppData\Roaming\npm\node_modules\firebase-tools\lib\deploy\functions\release\fabricator.js:152:24)
    at C:\Users\conta\AppData\Roaming\npm\node_modules\firebase-tools\lib\deploy\functions\release\fabricator.js:110:71
    at handle (C:\Users\conta\AppData\Roaming\npm\node_modules\firebase-tools\lib\deploy\functions\release\fabricator.js:89:23)
    at Fabricator.applyChangeset (C:\Users\conta\AppData\Roaming\npm\node_modules\firebase-tools\lib\deploy\functions\release\fabricator.js:110:26)
    at C:\Users\conta\AppData\Roaming\npm\node_modules\firebase-tools\lib\deploy\functions\release\fabricator.js:69:40
    at Array.map (<anonymous>)
    at Fabricator.applyPlan (C:\Users\conta\AppData\Roaming\npm\node_modules\firebase-tools\lib\deploy\functions\release\fabricator.js:68:54)
    at release (C:\Users\conta\AppData\Roaming\npm\node_modules\firebase-tools\lib\deploy\functions\release\index.js:76:31)
    at process.processTicksAndRejections (node:internal/process/task_queues:105:5)
[error] 
[error] Error: There was an error deploying functions
